Student,ID,SIS User ID,SIS Login ID,Root Account,Section,Quiz 3 Raw Score without curve which is Not used for letter grade calculation - Requires Respondus LockDown Browser (7790127),Final Exam-s Raw Score without curve which is Not used for letter grade calculation - Requires Respondus LockDown Browser (7795341),Midterm Exam 1 Raw Score without curve which is Not used for letter grade calculation - Requires Respondus LockDown Browser (7763351),Midterm Exam 2-s Raw Score without curve which is Not used for letter grade calculation - Requires Respondus LockDown Browser (7727489),Quiz 1- Requires Respondus LockDown Browser (7727545),Quiz 2 - Requires Respondus LockDown Browser (7776153),Assignments Current Score,Assignments Unposted Current Score,Assignments Final Score,Assignments Unposted Final Score,Assignment Reminders Current Score,Assignment Reminders Unposted Current Score,Assignment Reminders Final Score,Assignment Reminders Unposted Final Score,Extra Credit Current Score,Extra Credit Unposted Current Score,Extra Credit Final Score,Extra Credit Unposted Final Score,Imported Assignments Current Score,Imported Assignments Unposted Current Score,Imported Assignments Final Score,Imported Assignments Unposted Final Score,Component Scores (instead weighted in corresponding category after EC added) Current Score,Component Scores (instead weighted in corresponding category after EC added) Unposted Current Score,Component Scores (instead weighted in corresponding category after EC added) Final Score,Component Scores (instead weighted in corresponding category after EC added) Unposted Final Score,(Midterm Exam 1)+EC Category Current Score,(Midterm Exam 1)+EC Category Unposted Current Score,(Midterm Exam 1)+EC Category Final Score,(Midterm Exam 1)+EC Category Unposted Final Score,(Midterm Exam 2)+EC Category Current Score,(Midterm Exam 2)+EC Category Unposted Current Score,(Midterm Exam 2)+EC Category Final Score,(Midterm Exam 2)+EC Category Unposted Final Score,(Final Exam)+EC Category Current Score,(Final Exam)+EC Category Unposted Current Score,(Final Exam)+EC Category Final Score,(Final Exam)+EC Category Unposted Final Score,Quiz1-Category Current Score,Quiz1-Category Unposted Current Score,Quiz1-Category Final Score,Quiz1-Category Unposted Final Score,Quiz2-Category Current Score,Quiz2-Category Unposted Current Score,Quiz2-Category Final Score,Quiz2-Category Unposted Final Score,Quiz3-Category Current Score,Quiz3-Category Unposted Current Score,Quiz3-Category Final Score,Quiz3-Category Unposted Final Score,Project 1 Materials Overall Category Current Score,Project 1 Materials Overall Category Unposted Current Score,Project 1 Materials Overall Category Final Score,Project 1 Materials Overall Category Unposted Final Score,Project 1 Collaborative Category Current Score,Project 1 Collaborative Category Unposted Current Score,Project 1 Collaborative Category Final Score,Project 1 Collaborative Category Unposted Final Score,Project 2 Materials Overall Category Current Score,Project 2 Materials Overall Category Unposted Current Score,Project 2 Materials Overall Category Final Score,Project 2 Materials Overall Category Unposted Final Score,Project 2 Collaborative Activity Category Current Score,Project 2 Collaborative Activity Category Unposted Current Score,Project 2 Collaborative Activity Category Final Score,Project 2 Collaborative Activity Category Unposted Final Score,Project 3 Materials Overall Category Current Score,Project 3 Materials Overall Category Unposted Current Score,Project 3 Materials Overall Category Final Score,Project 3 Materials Overall Category Unposted Final Score,Migrated Quizzes Current Score,Migrated Quizzes Unposted Current Score,Migrated Quizzes Final Score,Migrated Quizzes Unposted Final Score,Current Score,Unposted Current Score,Final Score,Unposted Final Score,Current Grade,Unposted Current Grade,Final Grade,Unposted Final Grade
,,,,,,Manual Posting,Manual Posting,Manual Posting,Manual Posting,Manual Posting,Manual Posting,,,,,,,,,,,,,,,,,,,,,,,,,,,,,,,,,,,,,,,,,,,,,,,,,,,,,,,,,,,,,,,,,,,,,,,,,,,,
    Points Possible,,,,,,25,100,100,100,25,25,(read only),(read only),(read only),(read only),(read only),(read only),(read only),(read only),(read only),(read only),(read only),(read only),(read only),(read only),(read only),(read only),(read only),(read only),(read only),(read only),(read only),(read only),(read only),(read only),(read only),(read only),(read only),(read only),(read only),(read only),(read only),(read only),(read only),(read only),(read only),(read only),(read only),(read only),(read only),(read only),(read only),(read only),(read only),(read only),(read only),(read only),(read only),(read only),(read only),(read only),(read only),(read only),(read only),(read only),(read only),(read only),(read only),(read only),(read only),(read only),(read only),(read only),(read only),(read only),(read only),(read only),(read only),(read only),(read only),(read only),(read only),(read only),(read only),(read only),(read only),(read only)
1,,,,webcourses.ucf.edu,EEL3801C-22Fall 0M01,12.33,19.25,68.6,52.8,22.67,22,97.5,97.5,97.5,97.5,,,,,47.19,47.19,47.19,47.19,25.27,25.27,25.27,25.27,80.08,80.08,80.08,80.08,76.6,76.6,76.6,76.6,65.1,65.1,65.1,65.1,35.25,35.25,35.25,35.25,90.68,90.68,90.68,90.68,88,88,88,88,65.32,65.32,65.32,65.32,82.83,82.83,82.83,82.83,100,100,100,100,78.47,78.47,78.47,78.47,100,100,100,100,89.5,89.5,89.5,89.5,,,,,69.15,69.15,69.15,69.15,C,C,C,C
2,,,,webcourses.ucf.edu,EEL3801C-22Fall 0M01,12,72.33,57.37,68.93,20.67,24,95,95,95,95,,,,,57.89,57.89,57.89,57.89,67.46,67.46,67.46,67.46,75.75,75.75,75.75,75.75,67.37,67.37,67.37,67.37,79.93,79.93,79.93,79.93,81.33,81.33,81.33,81.33,82.68,82.68,82.68,82.68,96,96,96,96,64,64,64,64,90.15,90.15,90.15,90.15,100,100,100,100,87.55,87.55,87.55,87.55,100,100,100,100,99.4,99.4,99.4,99.4,,,,,81.26,81.26,81.26,81.26,B+,B+,B+,B+
3,,,,webcourses.ucf.edu,EEL3801C-22Fall 0M01,8.67,54.58,48.67,64.13,22.17,18,92.5,92.5,92.5,92.5,,,,,67.11,67.11,67.11,67.11,50.6,50.6,50.6,50.6,69.18,69.18,69.18,69.18,58.67,58.67,58.67,58.67,76.88,76.88,76.88,76.88,63.58,63.58,63.58,63.58,88.67,88.67,88.67,88.67,72,72,72,72,50.68,50.68,50.68,50.68,86.7,86.7,86.7,86.7,150,150,150,150,83.37,83.37,83.37,83.37,100,100,100,100,69.95,69.95,69.95,69.95,,,,,72.19,72.19,72.19,72.19,C,C,C,C
4,,,,webcourses.ucf.edu,EEL3801C-22Fall 0M01,14.6,58.17,47.5,47.33,10,11.5,65,65,65,115,,,,,29.82,29.82,29.82,29.82,58.21,58.21,58.21,58.21,24.48,24.48,24.48,24.48,55.5,55.5,55.5,55.5,55.33,55.33,55.33,55.33,78.17,78.17,78.17,78.17,40,40,40,40,46,46,46,46,74.4,74.4,74.4,74.4,69.5,69.5,69.5,69.5,150,150,150,150,68.48,68.48,68.48,68.48,0,0,0,0,96.5,96.5,96.5,96.5,,,,,65.23,65.23,65.23,65.23,C,C,C,C
5,,,,webcourses.ucf.edu,EEL3801C-22Fall 0M01,16.07,58.34,80.4,88.3,24.5,21.5,90,90,90,90,,,,,40.53,40.53,40.53,40.53,59.53,59.53,59.53,59.53,78.18,78.18,78.18,78.18,88.9,88.9,88.9,88.9,97.5,97.5,97.5,97.5,77.34,77.34,77.34,77.34,98,98,98,98,86,86,86,86,80.28,80.28,80.28,80.28,87,87,87,87,150,150,150,150,15.87,15.87,15.87,15.87,150,150,150,150,71,71,71,71,,,,,84.13,84.13,84.13,84.13,A,A,A,A
6,,,,webcourses.ucf.edu,EEL3801C-22Fall 0M01,17.07,54.33,89.53,79.33,21.67,23.5,92.5,92.5,92.5,92.5,,,,,51.75,51.75,51.75,51.75,57.12,57.12,57.12,57.12,82.13,82.13,82.13,82.13,99.03,99.03,99.03,99.03,90.33,90.33,90.33,90.33,73.66,73.66,73.66,73.66,86.67,86.67,86.67,86.67,94,94,94,94,84.28,84.28,84.28,84.28,92.1,92.1,92.1,92.1,83.5,83.5,83.5,83.5,87.45,87.45,87.45,87.45,50,50,50,50,92,92,92,92,,,,,87.53,87.53,87.53,87.53,A,A,A,A
7,,,,webcourses.ucf.edu,EEL3801C-22Fall 0M01,12.27,72.5,80,51,19.17,19,63.75,63.75,63.75,113.75,,,,,53.42,53.42,53.42,53.42,67.81,67.81,67.81,67.81,76.67,76.67,76.67,76.67,89.5,89.5,89.5,89.5,63.65,63.65,63.65,63.65,82.5,82.5,82.5,82.5,76.68,76.68,76.68,76.68,76,76,76,76,65.08,65.08,65.08,65.08,85.7,85.7,85.7,85.7,100,100,100,100,83.5,83.5,83.5,83.5,100,100,100,100,76.45,76.45,76.45,76.45,,,,,79.21,79.21,79.21,79.21,B,B,B,B
8,,,,webcourses.ucf.edu,EEL3801C-22Fall 0M01,11.4,37.58,71.67,20.13,5,17.5,70.63,70.63,70.63,70.63,,,,,53.51,53.51,53.51,53.51,39.19,39.19,39.19,39.19,57.22,57.22,57.22,57.22,82.17,82.17,82.17,82.17,29.13,29.13,29.13,29.13,57.25,57.25,57.25,57.25,20,20,20,20,70,70,70,70,61.6,61.6,61.6,61.6,73.45,73.45,73.45,73.45,150,150,150,150,87.43,87.43,87.43,87.43,150,150,150,150,65.2,65.2,65.2,65.2,,,,,63.12,63.12,63.12,63.12,C,C,C,C
9,,,,webcourses.ucf.edu,EEL3801C-22Fall 0M01,20.8,82.83,85,94.47,25,22,31.25,31.25,31.25,31.25,,,,,57.89,57.89,57.89,57.89,82.91,82.91,82.91,82.91,37.15,37.15,37.15,37.15,94,94,94,94,105.47,105.47,105.47,105.47,102.83,102.83,102.83,102.83,100,100,100,100,88,88,88,88,99.2,99.2,99.2,99.2,86.97,86.97,86.97,86.97,100,100,100,100,88.67,88.67,88.67,88.67,100,100,100,100,100.9,100.9,100.9,100.9,,,,,98.18,98.18,98.18,98.18,A,A,A,A
10,,,,webcourses.ucf.edu,EEL3801C-22Fall 0M01,16.6,70.53,76.67,79.93,21.67,25,61.25,61.25,61.25,61.25,,,,,61.84,61.84,61.84,61.84,69.71,69.71,69.71,69.71,77.76,77.76,77.76,77.76,87.17,87.17,87.17,87.17,90.18,90.18,90.18,90.18,79.53,79.53,79.53,79.53,86.67,86.67,86.67,86.67,100,100,100,100,82.4,82.4,82.4,82.4,97,97,97,97,150,150,150,150,96,96,96,96,137.5,137.5,137.5,137.5,93.5,93.5,93.5,93.5,,,,,90.63,90.63,90.63,90.63,A,A,A,A
11,,,,webcourses.ucf.edu,EEL3801C-22Fall 0M01,11.07,64.16,57.13,61.23,20.33,16,95,95,95,95,,,,,56.14,56.14,56.14,56.14,60.18,60.18,60.18,60.18,76.15,76.15,76.15,76.15,68.13,68.13,68.13,68.13,71.23,71.23,71.23,71.23,83.84,83.84,83.84,83.84,81.33,81.33,81.33,81.33,64,64,64,64,60.28,60.28,60.28,60.28,92.5,92.5,92.5,92.5,100,100,100,100,83.77,83.77,83.77,83.77,87.5,87.5,87.5,87.5,101.5,101.5,101.5,101.5,,,,,78.11,78.11,78.11,78.11,B,B,B,B
12,,,,webcourses.ucf.edu,EEL3801C-22Fall 0M01,21.4,77,63.4,73.27,10.83,21.5,33.75,33.75,33.75,33.75,,,,,21.05,21.05,21.05,21.05,78.72,78.72,78.72,78.72,32.68,32.68,32.68,32.68,71.4,71.4,71.4,71.4,81.27,81.27,81.27,81.27,96,96,96,96,43.33,43.33,43.33,43.33,86,86,86,86,101.6,101.6,101.6,101.6,85.5,85.5,85.5,85.5,150,150,150,150,83.5,83.5,83.5,83.5,50,50,50,50,98,98,98,98,,,,,83.97,83.97,83.97,83.97,A-,A-,A-,A-
13,,,,webcourses.ucf.edu,EEL3801C-22Fall 0M01,23.8,78.83,85.67,86.67,22.17,15.5,31.25,31.25,31.25,31.25,,,,,36.84,36.84,36.84,36.84,82.11,82.11,82.11,82.11,35.75,35.75,35.75,35.75,93.67,93.67,93.67,93.67,94.67,94.67,94.67,94.67,97.83,97.83,97.83,97.83,88.67,88.67,88.67,88.67,62,62,62,62,111.2,111.2,111.2,111.2,89,89,89,89,150,150,150,150,94.3,94.3,94.3,94.3,100,100,100,100,100,100,100,100,,,,,95.16,95.16,95.16,95.16,A,A,A,A
14,,,,webcourses.ucf.edu,EEL3801C-22Fall 0M01,12.87,31.25,79,67.4,12.83,16,90,90,90,90,,,,,42.37,42.37,42.37,42.37,35.29,35.29,35.29,35.29,73.41,73.41,73.41,73.41,88,88,88,88,77.45,77.45,77.45,77.45,48.25,48.25,48.25,48.25,51.33,51.33,51.33,51.33,64,64,64,64,67.48,67.48,67.48,67.48,87.3,87.3,87.3,87.3,200,200,200,200,90.53,90.53,90.53,90.53,150,150,150,150,98.3,98.3,98.3,98.3,,,,,78.21,78.21,78.21,78.21,B,B,B,B
15,,,,webcourses.ucf.edu,EEL3801C-22Fall 0M01,17.27,58.67,78,63.4,19.17,16,92.5,92.5,92.5,92.5,,,,,57.89,57.89,57.89,57.89,60.75,60.75,60.75,60.75,74.78,74.78,74.78,74.78,87,87,87,87,75.4,75.4,75.4,75.4,67.67,67.67,67.67,67.67,76.67,76.67,76.67,76.67,64,64,64,64,85.08,85.08,85.08,85.08,84.9,84.9,84.9,84.9,83.5,83.5,83.5,83.5,77.13,77.13,77.13,77.13,150,150,150,150,64,64,64,64,,,,,77.79,77.79,77.79,77.79,B-,B-,B-,B-
16,,,,webcourses.ucf.edu,EEL3801C-22Fall 0M01,11,76.67,76.34,75.33,20.33,23.5,92.5,92.5,92.5,92.5,,,,,60.53,60.53,60.53,60.53,70.13,70.13,70.13,70.13,76.8,76.8,76.8,76.8,85.33,85.33,85.33,85.33,87.83,87.83,87.83,87.83,86.67,86.67,86.67,86.67,81.33,81.33,81.33,81.33,94,94,94,94,60,60,60,60,92.6,92.6,92.6,92.6,100,100,100,100,87.67,87.67,87.67,87.67,150,150,150,150,90.2,90.2,90.2,90.2,,,,,87.67,87.67,87.67,87.67,A,A,A,A
17,,,,webcourses.ucf.edu,EEL3801C-22Fall 0M01,4.67,59.25,79,65.83,22.17,14,48.75,48.75,48.75,48.75,,,,,39.47,39.47,39.47,39.47,51.13,51.13,51.13,51.13,55.85,55.85,55.85,55.85,87.5,87.5,87.5,87.5,75.83,75.83,75.83,75.83,68.25,68.25,68.25,68.25,88.67,88.67,88.67,88.67,56,56,56,56,34.68,34.68,34.68,34.68,19.7,19.7,19.7,19.7,0,0,0,0,77.97,77.97,77.97,77.97,150,150,150,150,83.1,83.1,83.1,83.1,,,,,70.94,70.94,70.94,70.94,C,C,C,C
18,,,,webcourses.ucf.edu,EEL3801C-22Fall 0M01,17.87,54.17,64.93,83.33,23.5,18.5,81.88,81.88,81.88,81.88,,,,,44.74,44.74,44.74,44.74,57.63,57.63,57.63,57.63,83.97,83.97,83.97,83.97,73.43,73.43,73.43,73.43,92.33,92.33,92.33,92.33,63.17,63.17,63.17,63.17,94,94,94,94,74,74,74,74,87.48,87.48,87.48,87.48,89.15,89.15,89.15,89.15,100,100,100,100,74.25,74.25,74.25,74.25,150,150,150,150,81.3,81.3,81.3,81.3,,,,,80.69,80.69,80.69,80.69,B+,B+,B+,B+
19,,,,webcourses.ucf.edu,EEL3801C-22Fall 0M01,13.6,60.08,98,71.66,22.17,25,79.38,79.38,79.38,129.38,,,,,49.21,49.21,49.21,49.21,58.95,58.95,58.95,58.95,84.25,84.25,84.25,84.25,107.5,107.5,107.5,107.5,83.51,83.51,83.51,83.51,69.08,69.08,69.08,69.08,88.67,88.67,88.67,88.67,100,100,100,100,70.4,70.4,70.4,70.4,85,85,85,85,100,100,100,100,85.2,85.2,85.2,85.2,100,100,100,100,100.9,100.9,100.9,100.9,,,,,87.95,87.95,87.95,87.95,A,A,A,A
20,,,,webcourses.ucf.edu,EEL3801C-22Fall 0M01,6.73,36.5,33.4,51.8,10.5,4,95,95,95,95,,,,,57.89,57.89,57.89,57.89,34.59,34.59,34.59,34.59,67.69,67.69,67.69,67.69,44.4,44.4,44.4,44.4,61.8,61.8,61.8,61.8,46.5,46.5,46.5,46.5,42,42,42,42,16,16,16,16,42.92,42.92,42.92,42.92,87.25,87.25,87.25,87.25,150,150,150,150,71.85,71.85,71.85,71.85,50,50,50,50,37,37,37,37,,,,,53.31,53.31,53.31,53.31,F,F,F,F
21,,,,webcourses.ucf.edu,EEL3801C-22Fall 0M01,10.07,53.5,74,59.4,22.17,22,31.25,31.25,31.25,31.25,,,,,36.84,36.84,36.84,36.84,50.85,50.85,50.85,50.85,26.16,26.16,26.16,26.16,83,83,83,83,67.4,67.4,67.4,67.4,62.5,62.5,62.5,62.5,88.67,88.67,88.67,88.67,88,88,88,88,56.28,56.28,56.28,56.28,64.4,64.4,64.4,64.4,100,100,100,100,64.07,64.07,64.07,64.07,100,100,100,100,75.3,75.3,75.3,75.3,,,,,72.49,72.49,72.49,72.49,C,C,C,C
22,,,,webcourses.ucf.edu,EEL3801C-22Fall 0M01,17.2,55.13,74.67,63.63,19.83,23,82.5,82.5,82.5,132.5,,,,,73.68,73.68,73.68,73.68,57.87,57.87,57.87,57.87,58.49,58.49,58.49,58.49,85.67,85.67,85.67,85.67,75.63,75.63,75.63,75.63,65.13,65.13,65.13,65.13,79.32,79.32,79.32,79.32,92,92,92,92,84.8,84.8,84.8,84.8,87.8,87.8,87.8,87.8,100,100,100,100,85.07,85.07,85.07,85.07,100,100,100,100,48,48,48,48,,,,,77.55,77.55,77.55,77.55,B-,B-,B-,B-
23,,,,webcourses.ucf.edu,EEL3801C-22Fall 0M01,14,42,61,60.27,19.5,17,97.5,97.5,97.5,97.5,,,,,68.42,68.42,68.42,68.42,44.8,44.8,44.8,44.8,78.68,78.68,78.68,78.68,71,71,71,71,71.27,71.27,71.27,71.27,52,52,52,52,78,78,78,78,68,68,68,68,72,72,72,72,76.4,76.4,76.4,76.4,100,100,100,100,89.57,89.57,89.57,89.57,150,150,150,150,72.2,72.2,72.2,72.2,,,,,71.43,71.43,71.43,71.43,C,C,C,C
24,,,,webcourses.ucf.edu,EEL3801C-22Fall 0M01,19.8,56,58,74.27,20.5,22,51.25,51.25,51.25,51.25,,,,,52.63,52.63,52.63,52.63,60.64,60.64,60.64,60.64,57.31,57.31,57.31,57.31,67.5,67.5,67.5,67.5,83.77,83.77,83.77,83.77,65,65,65,65,82,82,82,82,88,88,88,88,95.2,95.2,95.2,95.2,83.9,83.9,83.9,83.9,100,100,100,100,80.7,80.7,80.7,80.7,100,100,100,100,28,28,28,28,,,,,74,74,74,74,C+,C+,C+,C+
25,,,,webcourses.ucf.edu,EEL3801C-22Fall 0M01,6.67,28.1,63.1,62.92,20,20,97.5,97.5,97.5,97.5,,,,,44.74,44.74,44.74,44.74,27.81,27.81,27.81,27.81,81.57,81.57,81.57,81.57,71.59,71.59,71.59,71.59,72.93,72.93,72.93,72.93,47.1,47.1,47.1,47.1,80,80,80,80,80,80,80,80,42.68,42.68,42.68,42.68,89.5,89.5,89.5,89.5,100,100,100,100,95.17,95.17,95.17,95.17,100,100,100,100,97.1,97.1,97.1,97.1,,,,,72.18,72.18,72.18,72.18,C,C,C,C
26,,,,webcourses.ucf.edu,EEL3801C-22Fall 0M01,15.4,74.17,83.5,76.27,22.17,25,97.5,97.5,97.5,97.5,,,,,36.84,36.84,36.84,36.84,71.65,71.65,71.65,71.65,88.19,88.19,88.19,88.19,91.5,91.5,91.5,91.5,84.27,84.27,84.27,84.27,93.17,93.17,93.17,93.17,88.67,88.67,88.67,88.67,100,100,100,100,77.6,77.6,77.6,77.6,88,88,88,88,150,150,150,150,92.66,92.66,92.66,92.66,150,150,150,150,92.9,92.9,92.9,92.9,,,,,92.25,92.25,92.25,92.25,A,A,A,A
27,,,,webcourses.ucf.edu,EEL3801C-22Fall 0M01,25,78,84.67,81.67,22.17,25,90,90,90,90,,,,,78.95,78.95,78.95,78.95,82.4,82.4,82.4,82.4,77.71,77.71,77.71,77.71,96.67,96.67,96.67,96.67,93.67,93.67,93.67,93.67,97,97,97,97,88.67,88.67,88.67,88.67,100,100,100,100,116,116,116,116,97.93,97.93,97.93,97.93,150,150,150,150,94.01,94.01,94.01,94.01,87.5,87.5,87.5,87.5,101,101,101,101,,,,,97.96,97.96,97.96,97.96,A,A,A,A
28,,,,webcourses.ucf.edu,EEL3801C-22Fall 0M01,14.2,47.5,61.04,60.83,24.5,22,90,90,90,90,,,,,43.16,43.16,43.16,43.16,49.36,49.36,49.36,49.36,68.99,68.99,68.99,68.99,70.03,70.03,70.03,70.03,71.03,71.03,71.03,71.03,66.5,66.5,66.5,66.5,98,98,98,98,88,88,88,88,72.8,72.8,72.8,72.8,89,89,89,89,100,100,100,100,91.38,91.38,91.38,91.38,150,150,150,150,98.5,98.5,98.5,98.5,,,,,78.97,78.97,78.97,78.97,B,B,B,B
29,,,,webcourses.ucf.edu,EEL3801C-22Fall 0M01,6.67,62.17,79,77.33,20.17,19,60,60,60,110,,,,,76.32,76.32,76.32,76.32,55.07,55.07,55.07,55.07,71.83,71.83,71.83,71.83,89.5,89.5,89.5,89.5,90.33,90.33,90.33,90.33,82.17,82.17,82.17,82.17,80.68,80.68,80.68,80.68,76,76,76,76,42.68,42.68,42.68,42.68,85.95,85.95,85.95,85.95,150,150,150,150,73.75,73.75,73.75,73.75,50,50,50,50,96.5,96.5,96.5,96.5,,,,,84.3,84.3,84.3,84.3,A,A,A,A
30,,,,webcourses.ucf.edu,EEL3801C-22Fall 0M01,14.87,58,56,74,11.33,13.5,100,100,100,100,,,,,55.26,55.26,55.26,55.26,58.29,58.29,58.29,58.29,84.31,84.31,84.31,84.31,65.5,65.5,65.5,65.5,85,85,85,85,68,68,68,68,45.33,45.33,45.33,45.33,54,54,54,54,75.48,75.48,75.48,75.48,56.25,56.25,56.25,56.25,83.5,83.5,83.5,83.5,81.8,81.8,81.8,81.8,100,100,100,100,26,26,26,26,,,,,67.59,67.59,67.59,67.59,C,C,C,C
31,,,,webcourses.ucf.edu,EEL3801C-22Fall 0M01,19.6,67.33,68,67.27,11.83,23.5,31.25,31.25,31.25,31.25,,,,,34.21,34.21,34.21,34.21,69.55,69.55,69.55,69.55,28.48,28.48,28.48,28.48,76.5,76.5,76.5,76.5,75.27,75.27,75.27,75.27,86.33,86.33,86.33,86.33,47.33,47.33,47.33,47.33,94,94,94,94,94.4,94.4,94.4,94.4,78.9,78.9,78.9,78.9,150,150,150,150,82.68,82.68,82.68,82.68,150,150,150,150,65.4,65.4,65.4,65.4,,,,,81.3,81.3,81.3,81.3,B+,B+,B+,B+
32,,,,webcourses.ucf.edu,EEL3801C-22Fall 0M01,11.67,47.93,68.87,46.33,17.67,10,87.5,87.5,87.5,87.5,,,,,48.25,48.25,48.25,48.25,47.68,47.68,47.68,47.68,61.8,61.8,61.8,61.8,78.37,78.37,78.37,78.37,56.33,56.33,56.33,56.33,56.93,56.93,56.93,56.93,70.68,70.68,70.68,70.68,40,40,40,40,62.68,62.68,62.68,62.68,48.6,48.6,48.6,48.6,83.5,83.5,83.5,83.5,11.8,11.8,11.8,11.8,100,100,100,100,46,46,46,46,,,,,58.11,58.11,58.11,58.11,F,F,F,F
33,,,,webcourses.ucf.edu,EEL3801C-22Fall 0M01,15.07,68.92,64.83,82.13,19.83,20.5,92.5,92.5,92.5,92.5,,,,,60.53,60.53,60.53,60.53,67.19,67.19,67.19,67.19,77.84,77.84,77.84,77.84,74.83,74.83,74.83,74.83,93.63,93.63,93.63,93.63,87.92,87.92,87.92,87.92,79.33,79.33,79.33,79.33,82,82,82,82,76.28,76.28,76.28,76.28,89.5,89.5,89.5,89.5,100,100,100,100,93.27,93.27,93.27,93.27,100,100,100,100,87.5,87.5,87.5,87.5,,,,,86.08,86.08,86.08,86.08,A,A,A,A
34,,,,webcourses.ucf.edu,EEL3801C-22Fall 0M01,10.33,50.83,76.97,80.14,24.5,17.5,61.25,61.25,61.25,111.25,,,,,73.68,73.68,73.68,73.68,48.93,48.93,48.93,48.93,79.83,79.83,79.83,79.83,87.47,87.47,87.47,87.47,93.63,93.63,93.63,93.63,69.83,69.83,69.83,69.83,98,98,98,98,70,70,70,70,57.32,57.32,57.32,57.32,97.05,97.05,97.05,97.05,100,100,100,100,89.12,89.12,89.12,89.12,100,100,100,100,93.5,93.5,93.5,93.5,,,,,85.03,85.03,85.03,85.03,A,A,A,A
35,,,,webcourses.ucf.edu,EEL3801C-22Fall 0M01,14.67,38.58,72.67,63.43,14.67,19.5,88.75,88.75,88.75,88.75,,,,,33.33,33.33,33.33,33.33,42.6,42.6,42.6,42.6,67.86,67.86,67.86,67.86,80.66,80.66,80.66,80.66,73.43,73.43,73.43,73.43,47.58,47.58,47.58,47.58,58.67,58.67,58.67,58.67,78,78,78,78,74.68,74.68,74.68,74.68,78.43,78.43,78.43,78.43,150,150,150,150,58.45,58.45,58.45,58.45,100,100,100,100,61.3,61.3,61.3,61.3,,,,,69.77,69.77,69.77,69.77,C,C,C,C
36,,,,webcourses.ucf.edu,EEL3801C-22Fall 0M01,9.07,31.8,83.33,68.73,24.5,23.5,45,45,45,45,,,,,52.63,52.63,52.63,52.63,32.69,32.69,32.69,32.69,53.35,53.35,53.35,53.35,93.33,93.33,93.33,93.33,77.73,77.73,77.73,77.73,50.8,50.8,50.8,50.8,98,98,98,98,94,94,94,94,52.28,52.28,52.28,52.28,81.9,81.9,81.9,81.9,150,150,150,150,82.22,82.22,82.22,82.22,100,100,100,100,82.7,82.7,82.7,82.7,,,,,78.86,78.86,78.86,78.86,B,B,B,B
37,,,,webcourses.ucf.edu,EEL3801C-22Fall 0M01,15.47,63.33,74.13,78.27,24.5,19,56.25,56.25,56.25,56.25,,,,,21.05,21.05,21.05,21.05,63.04,63.04,63.04,63.04,69.1,69.1,69.1,69.1,82.13,82.13,82.13,82.13,86.27,86.27,86.27,86.27,72.33,72.33,72.33,72.33,98,98,98,98,76,76,76,76,77.88,77.88,77.88,77.88,94.1,94.1,94.1,94.1,150,150,150,150,92.8,92.8,92.8,92.8,200,200,200,200,16,16,16,16,,,,,81.94,81.94,81.94,81.94,B+,B+,B+,B+
38,,,,webcourses.ucf.edu,EEL3801C-22Fall 0M01,6.67,45.17,70,66.13,18,14.5,100,100,100,100,,,,,65.79,65.79,65.79,65.79,41.47,41.47,41.47,41.47,87.48,87.48,87.48,87.48,80.5,80.5,80.5,80.5,78.13,78.13,78.13,78.13,64.17,64.17,64.17,64.17,72,72,72,72,58,58,58,58,42.68,42.68,42.68,42.68,88,88,88,88,150,150,150,150,95.6,95.6,95.6,95.6,87.5,87.5,87.5,87.5,103,103,103,103,,,,,78.01,78.01,78.01,78.01,B,B,B,B
39,,,,webcourses.ucf.edu,EEL3801C-22Fall 0M01,18,74.75,92.17,97.67,24,23.5,100,100,100,100,,,,,81.58,81.58,81.58,81.58,74.2,74.2,74.2,74.2,96.05,96.05,96.05,96.05,102.67,102.67,102.67,102.67,110.67,110.67,110.67,110.67,84.75,84.75,84.75,84.75,96,96,96,96,94,94,94,94,88,88,88,88,94.75,94.75,94.75,94.75,150,150,150,150,98.25,98.25,98.25,98.25,100,100,100,100,95.5,95.5,95.5,95.5,,,,,98.71,98.71,98.71,98.71,A,A,A,A
40,,,,webcourses.ucf.edu,EEL3801C-22Fall 0M01,10.2,61.33,96.75,89.27,23.5,25,68.75,68.75,68.75,118.75,,,,,63.16,63.16,63.16,63.16,57.23,57.23,57.23,57.23,97.26,97.26,97.26,97.26,106.75,106.75,106.75,106.75,100.27,100.27,100.27,100.27,81.33,81.33,81.33,81.33,94,94,94,94,100,100,100,100,56.8,56.8,56.8,56.8,97,97,97,97,150,150,150,150,91.7,91.7,91.7,91.7,100,100,100,100,96.55,96.55,96.55,96.55,,,,,95.18,95.18,95.18,95.18,A,A,A,A
41,,,,webcourses.ucf.edu,EEL3801C-22Fall 0M01,25,94.33,92,100,25,25,31.25,31.25,31.25,31.25,,,,,39.47,39.47,39.47,39.47,95.47,95.47,95.47,95.47,37.65,37.65,37.65,37.65,101.5,101.5,101.5,101.5,108,108,108,108,103.33,103.33,103.33,103.33,100,100,100,100,100,100,100,100,116,116,116,116,94.65,94.65,94.65,94.65,75,75,75,75,96,96,96,96,150,150,150,150,100,100,100,100,,,,,103.21,103.21,103.21,103.21,A,A,A,A
42,,,,webcourses.ucf.edu,EEL3801C-22Fall 0M01,20.67,87.33,92,78.4,24,22,31.25,31.25,31.25,81.25,,,,,42.11,42.11,42.11,42.11,86.4,86.4,86.4,86.4,33.41,33.41,33.41,33.41,101,101,101,101,86.4,86.4,86.4,86.4,96.33,96.33,96.33,96.33,96,96,96,96,88,88,88,88,98.68,98.68,98.68,98.68,62,62,62,62,100,100,100,100,40.67,40.67,40.67,40.67,100,100,100,100,26.5,26.5,26.5,26.5,,,,,83.92,83.92,83.92,83.92,A-,A-,A-,A-
43,,,,webcourses.ucf.edu,EEL3801C-22Fall 0M01,5.87,73.33,73.66,64.47,25,19.5,100,100,100,150,,,,,63.16,63.16,63.16,63.16,63.36,63.36,63.36,63.36,85.91,85.91,85.91,85.91,75.33,75.33,75.33,75.33,76.47,76.47,76.47,76.47,83.33,83.33,83.33,83.33,100,100,100,100,78,78,78,78,39.48,39.48,39.48,39.48,76.85,76.85,76.85,76.85,150,150,150,150,62.02,62.02,62.02,62.02,50,50,50,50,56.45,56.45,56.45,56.45,,,,,75.57,75.57,75.57,75.57,B-,B-,B-,B-
44,,,,webcourses.ucf.edu,EEL3801C-22Fall 0M01,11.27,27.25,46.5,55.93,16.33,14,82.5,82.5,82.5,82.5,,,,,42.11,42.11,42.11,42.11,30.81,30.81,30.81,30.81,51.46,51.46,51.46,51.46,55.5,55.5,55.5,55.5,65.93,65.93,65.93,65.93,36.25,36.25,36.25,36.25,65.33,65.33,65.33,65.33,56,56,56,56,61.08,61.08,61.08,61.08,86.95,86.95,86.95,86.95,100,100,100,100,80.8,80.8,80.8,80.8,100,100,100,100,58.7,58.7,58.7,58.7,,,,,60.51,60.51,60.51,60.51,D,D,D,D
45,,,,webcourses.ucf.edu,EEL3801C-22Fall 0M01,25,88.5,99,83.17,25,25,75,75,75,75,,,,,52.63,52.63,52.63,52.63,90.8,90.8,90.8,90.8,55.33,55.33,55.33,55.33,108,108,108,108,92.17,92.17,92.17,92.17,98.5,98.5,98.5,98.5,100,100,100,100,100,100,100,100,116,116,116,116,93,93,93,93,100,100,100,100,98,98,98,98,87.5,87.5,87.5,87.5,65.5,65.5,65.5,65.5,,,,,97.24,97.24,97.24,97.24,A,A,A,A
46,,,,webcourses.ucf.edu,EEL3801C-22Fall 0M01,17,44.17,46.73,59.93,16.83,18.5,86.25,86.25,86.25,86.25,,,,,42.11,42.11,42.11,42.11,48.93,48.93,48.93,48.93,60.13,60.13,60.13,60.13,55.73,55.73,55.73,55.73,68.93,68.93,68.93,68.93,63.17,63.17,63.17,63.17,67.33,67.33,67.33,67.33,74,74,74,74,84,84,84,84,87.5,87.5,87.5,87.5,150,150,150,150,89,89,89,89,37.5,37.5,37.5,37.5,91,91,91,91,,,,,71.31,71.31,71.31,71.31,C,C,C,C
47,,,,webcourses.ucf.edu,EEL3801C-22Fall 0M01,18,82.83,92.8,88.83,25,24,76.88,76.88,76.88,76.88,,,,,84.21,84.21,84.21,84.21,80.67,80.67,80.67,80.67,82.67,82.67,82.67,82.67,103.8,103.8,103.8,103.8,100.83,100.83,100.83,100.83,93.83,93.83,93.83,93.83,100,100,100,100,96,96,96,96,88,88,88,88,90.7,90.7,90.7,90.7,200,200,200,200,97,97,97,97,200,200,200,200,98.65,98.65,98.65,98.65,,,,,101.94,101.94,101.94,101.94,A,A,A,A
48,,,,webcourses.ucf.edu,EEL3801C-22Fall 0M01,14,39,52,59.4,9.83,19.5,31.25,31.25,31.25,31.25,,,,,26.32,26.32,26.32,26.32,42.4,42.4,42.4,42.4,23.8,23.8,23.8,23.8,60,60,60,60,67.4,67.4,67.4,67.4,58,58,58,58,39.33,39.33,39.33,39.33,78,78,78,78,72,72,72,72,89.45,89.45,89.45,89.45,100,100,100,100,90.93,90.93,90.93,90.93,50,50,50,50,102.1,102.1,102.1,102.1,,,,,69.32,69.32,69.32,69.32,C,C,C,C
49,,,,webcourses.ucf.edu,EEL3801C-22Fall 0M01,13.67,33.5,51.2,58.46,12.5,16.5,100,100,100,100,,,,,55.26,55.26,55.26,55.26,37.73,37.73,37.73,37.73,82.29,82.29,82.29,82.29,60.7,60.7,60.7,60.7,70.46,70.46,70.46,70.46,52.5,52.5,52.5,52.5,50,50,50,50,66,66,66,66,70.68,70.68,70.68,70.68,88,88,88,88,100,100,100,100,89.97,89.97,89.97,89.97,37.5,37.5,37.5,37.5,98,98,98,98,,,,,68.13,68.13,68.13,68.13,C,C,C,C
50,,,,webcourses.ucf.edu,EEL3801C-22Fall 0M01,8.67,32.58,50,61.8,21.17,21,31.25,31.25,31.25,31.25,,,,,0,0,0,0,33,33,33,33,21.92,21.92,21.92,21.92,58,58,58,58,69.8,69.8,69.8,69.8,41.58,41.58,41.58,41.58,84.67,84.67,84.67,84.67,84,84,84,84,50.68,50.68,50.68,50.68,91.05,91.05,91.05,91.05,83.5,83.5,83.5,83.5,85.9,85.9,85.9,85.9,100,100,100,100,59,59,59,59,,,,,65.03,65.03,65.03,65.03,C,C,C,C
51,,,,webcourses.ucf.edu,EEL3801C-22Fall 0M01,12.4,46,50,34.8,13,12.5,97.5,97.5,97.5,97.5,,,,,34.65,34.65,34.65,34.65,46.72,46.72,46.72,46.72,72.9,72.9,72.9,72.9,58.25,58.25,58.25,58.25,43.8,43.8,43.8,43.8,62.33,62.33,62.33,62.33,52,52,52,52,50,50,50,50,53.6,53.6,53.6,53.6,73.45,73.45,73.45,73.45,100,100,100,100,81.09,81.09,81.09,81.09,150,150,150,150,98,98,98,98,,,,,63.33,63.33,63.33,63.33,C,C,C,C
52,,,,webcourses.ucf.edu,EEL3801C-22Fall 0M01,14.07,58.5,64.67,64.8,16.33,20,92.5,92.5,92.5,92.5,,,,,52.63,52.63,52.63,52.63,58.05,58.05,58.05,58.05,74.41,74.41,74.41,74.41,75.67,75.67,75.67,75.67,75.8,75.8,75.8,75.8,78.5,78.5,78.5,78.5,65.32,65.32,65.32,65.32,80,80,80,80,72.28,72.28,72.28,72.28,82.95,82.95,82.95,82.95,0,0,0,0,92.42,92.42,92.42,92.42,100,100,100,100,94.75,94.75,94.75,94.75,,,,,77.78,77.78,77.78,77.78,B-,B-,B-,B-
53,,,,webcourses.ucf.edu,EEL3801C-22Fall 0M01,6.67,43.83,61.87,27.2,18.17,14.5,95,95,95,95,,,,,68.42,68.42,68.42,68.42,40.4,40.4,40.4,40.4,70.41,70.41,70.41,70.41,72.87,72.87,72.87,72.87,47.2,47.2,47.2,47.2,62.83,62.83,62.83,62.83,72.68,72.68,72.68,72.68,58,58,58,58,42.68,42.68,42.68,42.68,84.25,84.25,84.25,84.25,125,125,125,125,84.91,84.91,84.91,84.91,50,50,50,50,87.8,87.8,87.8,87.8,,,,,66.74,66.74,66.74,66.74,C,C,C,C
54,,,,webcourses.ucf.edu,EEL3801C-22Fall 0M01,20,73.33,90.67,68.6,24.5,25,43.75,43.75,43.75,43.75,,,,,28.95,28.95,28.95,28.95,74.67,74.67,74.67,74.67,52.41,52.41,52.41,52.41,100.17,100.17,100.17,100.17,76.6,76.6,76.6,76.6,90.33,90.33,90.33,90.33,98,98,98,98,100,100,100,100,96,96,96,96,88.53,88.53,88.53,88.53,150,150,150,150,92.9,92.9,92.9,92.9,100,100,100,100,92.2,92.2,92.2,92.2,,,,,92.27,92.27,92.27,92.27,A,A,A,A
55,,,,webcourses.ucf.edu,EEL3801C-22Fall 0M01,13.67,45.83,66.84,65.6,22.67,13,56.25,56.25,56.25,56.25,,,,,57.89,57.89,57.89,57.89,47.6,47.6,47.6,47.6,65.18,65.18,65.18,65.18,75.84,75.84,75.84,75.84,76.6,76.6,76.6,76.6,54.83,54.83,54.83,54.83,90.67,90.67,90.67,90.67,52,52,52,52,70.68,70.68,70.68,70.68,93.85,93.85,93.85,93.85,100,100,100,100,91.8,91.8,91.8,91.8,150,150,150,150,90.8,90.8,90.8,90.8,,,,,76.47,76.47,76.47,76.47,B-,B-,B-,B-
56,,,,webcourses.ucf.edu,EEL3801C-22Fall 0M01,0,25.08,45.67,54.07,9,11.5,85,85,85,85,,,,,53.95,53.95,53.95,53.95,20.07,20.07,20.07,20.07,54.85,54.85,54.85,54.85,54.67,54.67,54.67,54.67,64.32,64.32,64.32,64.32,35.08,35.08,35.08,35.08,36,36,36,36,46,46,46,46,0,0,0,0,66.85,66.85,66.85,66.85,100,100,100,100,78.3,78.3,78.3,78.3,100,100,100,100,81.3,81.3,81.3,81.3,,,,,54.77,54.77,54.77,54.77,F,F,F,F
57,,,,webcourses.ucf.edu,EEL3801C-22Fall 0M01,23.8,92.67,98,97.67,25,25,87.5,87.5,87.5,137.5,,,,,63.16,63.16,63.16,63.16,93.17,93.17,93.17,93.17,77.58,77.58,77.58,77.58,109,109,109,109,107.67,107.67,107.67,107.67,102.67,102.67,102.67,102.67,100,100,100,100,100,100,100,100,111.2,111.2,111.2,111.2,98,98,98,98,200,200,200,200,99.1,99.1,99.1,99.1,137.5,137.5,137.5,137.5,103,103,103,103,,,,,107.19,107.19,107.19,107.19,A,A,A,A
58,,,,webcourses.ucf.edu,EEL3801C-22Fall 0M01,14,53.17,51.4,54.1,16.83,19,92.5,92.5,92.5,92.5,,,,,49.56,49.56,49.56,49.56,53.73,53.73,53.73,53.73,67.75,67.75,67.75,67.75,60.9,60.9,60.9,60.9,63.35,63.35,63.35,63.35,63.17,63.17,63.17,63.17,67.32,67.32,67.32,67.32,76,76,76,76,72,72,72,72,70.65,70.65,70.65,70.65,100,100,100,100,78.77,78.77,78.77,78.77,137.5,137.5,137.5,137.5,82.15,82.15,82.15,82.15,,,,,69.21,69.21,69.21,69.21,C,C,C,C
59,,,,webcourses.ucf.edu,EEL3801C-22Fall 0M01,14,47.58,58.73,43.27,19.17,13.5,31.25,31.25,31.25,31.25,,,,,29.82,29.82,29.82,29.82,49.27,49.27,49.27,49.27,20,20,20,20,66.73,66.73,66.73,66.73,51.27,51.27,51.27,51.27,56.58,56.58,56.58,56.58,76.67,76.67,76.67,76.67,54,54,54,54,72,72,72,72,75.85,75.85,75.85,75.85,100,100,100,100,73.53,73.53,73.53,73.53,150,150,150,150,74,74,74,74,,,,,65.69,65.69,65.69,65.69,C,C,C,C
60,,,,webcourses.ucf.edu,EEL3801C-22Fall 0M01,8.2,37.2,68.66,43.17,18.33,11.5,61.25,61.25,61.25,61.25,,,,,55.26,55.26,55.26,55.26,36.32,36.32,36.32,36.32,68.99,68.99,68.99,68.99,78.17,78.17,78.17,78.17,54.17,54.17,54.17,54.17,46.2,46.2,46.2,46.2,73.32,73.32,73.32,73.32,46,46,46,46,48.8,48.8,48.8,48.8,90.5,90.5,90.5,90.5,100,100,100,100,88.2,88.2,88.2,88.2,150,150,150,150,98.9,98.9,98.9,98.9,,,,,68.55,68.55,68.55,68.55,C,C,C,C
61,,,,webcourses.ucf.edu,EEL3801C-22Fall 0M01,21,59.17,89.34,78.83,13.83,20.5,97.5,97.5,97.5,97.5,,,,,44.74,44.74,44.74,44.74,64.13,64.13,64.13,64.13,89.84,89.84,89.84,89.84,99.83,99.83,99.83,99.83,87.83,87.83,87.83,87.83,78.17,78.17,78.17,78.17,55.32,55.32,55.32,55.32,82,82,82,82,100,100,100,100,92.75,92.75,92.75,92.75,100,100,100,100,83.5,83.5,83.5,83.5,100,100,100,100,96.25,96.25,96.25,96.25,,,,,88.11,88.11,88.11,88.11,A,A,A,A
62,,,,webcourses.ucf.edu,EEL3801C-22Fall 0M01,17.6,81.83,74.33,60.26,19.67,21,91.25,91.25,91.25,141.25,,,,,31.58,31.58,31.58,31.58,79.54,79.54,79.54,79.54,73.45,73.45,73.45,73.45,82.33,82.33,82.33,82.33,68.27,68.27,68.27,68.27,100.83,100.83,100.83,100.83,78.68,78.68,78.68,78.68,84,84,84,84,86.4,86.4,86.4,86.4,85.55,85.55,85.55,85.55,83.5,83.5,83.5,83.5,76.95,76.95,76.95,76.95,100,100,100,100,89.45,89.45,89.45,89.45,,,,,84.05,84.05,84.05,84.05,A,A,A,A
63,,,,webcourses.ucf.edu,EEL3801C-22Fall 0M01,6,50.17,48.17,63.6,8.5,11.5,76.88,76.88,76.88,76.88,,,,,48.95,48.95,48.95,48.95,44.93,44.93,44.93,44.93,70.35,70.35,70.35,70.35,56.17,56.17,56.17,56.17,74.9,74.9,74.9,74.9,66.17,66.17,66.17,66.17,34,34,34,34,46,46,46,46,40,40,40,40,89.9,89.9,89.9,89.9,150,150,150,150,87.43,87.43,87.43,87.43,200,200,200,200,89.6,89.6,89.6,89.6,,,,,71.13,71.13,71.13,71.13,C,C,C,C
64,,,,webcourses.ucf.edu,EEL3801C-22Fall 0M01,20.67,85.83,72.34,79.44,22.67,22,97.5,97.5,97.5,147.5,,,,,52.63,52.63,52.63,52.63,85.2,85.2,85.2,85.2,86.62,86.62,86.62,86.62,81.33,81.33,81.33,81.33,88.43,88.43,88.43,88.43,105.83,105.83,105.83,105.83,90.67,90.67,90.67,90.67,88,88,88,88,98.68,98.68,98.68,98.68,96.85,96.85,96.85,96.85,0,0,0,0,93.2,93.2,93.2,93.2,100,100,100,100,98.8,98.8,98.8,98.8,,,,,91.2,91.2,91.2,91.2,A,A,A,A
65,,,,webcourses.ucf.edu,EEL3801C-22Fall 0M01,17.6,37.35,85.67,74.4,9,17,100,100,100,100,,,,,50,50,50,50,43.96,43.96,43.96,43.96,90.21,90.21,90.21,90.21,94.67,94.67,94.67,94.67,84.9,84.9,84.9,84.9,47.33,47.33,47.33,47.33,36,36,36,36,68,68,68,68,86.4,86.4,86.4,86.4,76.85,76.85,76.85,76.85,83.5,83.5,83.5,83.5,72.53,72.53,72.53,72.53,100,100,100,100,77.5,77.5,77.5,77.5,,,,,74.45,74.45,74.45,74.45,C+,C+,C+,C+
66,,,,webcourses.ucf.edu,EEL3801C-22Fall 0M01,16.67,62.8,70,83.13,21.17,23.5,90,90,90,140,,,,,55.7,55.7,55.7,55.7,63.57,63.57,63.57,63.57,75.12,75.12,75.12,75.12,79,79,79,79,92.38,92.38,92.38,92.38,83.13,83.13,83.13,83.13,84.67,84.67,84.67,84.67,94,94,94,94,82.68,82.68,82.68,82.68,89,89,89,89,100,100,100,100,94.67,94.67,94.67,94.67,100,100,100,100,95,95,95,95,,,,,87.48,87.48,87.48,87.48,A,A,A,A
67,,,,webcourses.ucf.edu,EEL3801C-22Fall 0M01,9,71.33,73.8,73.94,24.5,20,95,95,95,145,,,,,60.53,60.53,60.53,60.53,64.27,64.27,64.27,64.27,79.95,79.95,79.95,79.95,84.3,84.3,84.3,84.3,84.94,84.94,84.94,84.94,80.33,80.33,80.33,80.33,98,98,98,98,80,80,80,80,52,52,52,52,87.7,87.7,87.7,87.7,83.5,83.5,83.5,83.5,85.63,85.63,85.63,85.63,100,100,100,100,98.2,98.2,98.2,98.2,,,,,84.09,84.09,84.09,84.09,A,A,A,A
68,,,,webcourses.ucf.edu,EEL3801C-22Fall 0M01,16,22.17,78,52.6,17.92,13.5,100,100,100,100,,,,,57.37,57.37,57.37,57.37,30.53,30.53,30.53,30.53,86.39,86.39,86.39,86.39,88,88,88,88,64.5,64.5,64.5,64.5,41.17,41.17,41.17,41.17,71.68,71.68,71.68,71.68,54,54,54,54,80,80,80,80,95,95,95,95,100,100,100,100,92.17,92.17,92.17,92.17,37.5,37.5,37.5,37.5,91.4,91.4,91.4,91.4,,,,,71.27,71.27,71.27,71.27,C,C,C,C
69,,,,webcourses.ucf.edu,EEL3801C-22Fall 0M01,16,49.58,63,71.96,10.33,22,97.5,97.5,97.5,97.5,,,,,42.11,42.11,42.11,42.11,52.47,52.47,52.47,52.47,83.33,83.33,83.33,83.33,71,71,71,71,81.96,81.96,81.96,81.96,68.58,68.58,68.58,68.58,41.32,41.32,41.32,41.32,88,88,88,88,80,80,80,80,95.8,95.8,95.8,95.8,150,150,150,150,90.63,90.63,90.63,90.63,150,150,150,150,93,93,93,93,,,,,80.33,80.33,80.33,80.33,B+,B+,B+,B+
70,,,,webcourses.ucf.edu,EEL3801C-22Fall 0M01,16.07,39.33,49,63.01,25,22,85,85,85,85,,,,,50,50,50,50,44.32,44.32,44.32,44.32,59.22,59.22,59.22,59.22,58.5,58.5,58.5,58.5,73,73,73,73,59.33,59.33,59.33,59.33,100,100,100,100,88,88,88,88,80.28,80.28,80.28,80.28,85.5,85.5,85.5,85.5,150,150,150,150,86.53,86.53,86.53,86.53,37.5,37.5,37.5,37.5,98,98,98,98,,,,,74.23,74.23,74.23,74.23,C+,C+,C+,C+
71,,,,webcourses.ucf.edu,EEL3801C-22Fall 0M01,8.67,62.83,71,65.73,22.17,23,31.25,31.25,31.25,31.25,,,,,42.11,42.11,42.11,42.11,57.2,57.2,57.2,57.2,26.81,26.81,26.81,26.81,80,80,80,80,73.73,73.73,73.73,73.73,71.83,71.83,71.83,71.83,88.67,88.67,88.67,88.67,92,92,92,92,50.68,50.68,50.68,50.68,65.1,65.1,65.1,65.1,150,150,150,150,49.74,49.74,49.74,49.74,100,100,100,100,50.05,50.05,50.05,50.05,,,,,73.22,73.22,73.22,73.22,C+,C+,C+,C+
72,,,,webcourses.ucf.edu,EEL3801C-22Fall 0M01,25,90.5,95,91,25,24,100,100,100,100,,,,,93.68,93.68,93.68,93.68,92.4,92.4,92.4,92.4,95.29,95.29,95.29,95.29,107,107,107,107,103.8,103.8,103.8,103.8,101.5,101.5,101.5,101.5,100,100,100,100,96,96,96,96,116,116,116,116,98,98,98,98,100,100,100,100,100,100,100,100,150,150,150,150,103,103,103,103,,,,,104.13,104.13,104.13,104.13,A,A,A,A
73,,,,webcourses.ucf.edu,EEL3801C-22Fall 0M01,17,80.75,95.3,81.67,24.5,23.5,100,100,100,100,,,,,63.16,63.16,63.16,63.16,78.2,78.2,78.2,78.2,95.48,95.48,95.48,95.48,104.3,104.3,104.3,104.3,92.67,92.67,92.67,92.67,100.75,100.75,100.75,100.75,98,98,98,98,94,94,94,94,84,84,84,84,96.5,96.5,96.5,96.5,100,100,100,100,98,98,98,98,150,150,150,150,101.5,101.5,101.5,101.5,,,,,99.06,99.06,99.06,99.06,A,A,A,A
74,,,,webcourses.ucf.edu,EEL3801C-22Fall 0M01,12.67,39.25,62.17,45.74,16.83,20,81.88,81.88,81.88,81.88,,,,,52.63,52.63,52.63,52.63,41.53,41.53,41.53,41.53,76.06,76.06,76.06,76.06,71.17,71.17,71.17,71.17,54.73,54.73,54.73,54.73,49.25,49.25,49.25,49.25,67.33,67.33,67.33,67.33,80,80,80,80,66.68,66.68,66.68,66.68,83.7,83.7,83.7,83.7,200,200,200,200,92.05,92.05,92.05,92.05,200,200,200,200,87.4,87.4,87.4,87.4,,,,,72.15,72.15,72.15,72.15,C,C,C,C
75,,,,webcourses.ucf.edu,EEL3801C-22Fall 0M01,11.73,35.1,69.67,62.8,13.83,10,97.5,97.5,97.5,97.5,,,,,36.84,36.84,36.84,36.84,37.47,37.47,37.47,37.47,80.88,80.88,80.88,80.88,78.67,78.67,78.67,78.67,72.8,72.8,72.8,72.8,45.1,45.1,45.1,45.1,55.33,55.33,55.33,55.33,40,40,40,40,62.92,62.92,62.92,62.92,78.8,78.8,78.8,78.8,200,200,200,200,61.51,61.51,61.51,61.51,100,100,100,100,74.6,74.6,74.6,74.6,,,,,68.27,68.27,68.27,68.27,C,C,C,C
76,,,,webcourses.ucf.edu,EEL3801C-22Fall 0M01,15.6,74.13,88.67,98,25,25,92.5,92.5,92.5,142.5,,,,,45.79,45.79,45.79,45.79,71.79,71.79,71.79,71.79,83.66,83.66,83.66,83.66,96.67,96.67,96.67,96.67,109.7,109.7,109.7,109.7,83.13,83.13,83.13,83.13,100,100,100,100,100,100,100,100,78.4,78.4,78.4,78.4,91.5,91.5,91.5,91.5,100,100,100,100,96.2,96.2,96.2,96.2,100,100,100,100,100,100,100,100,,,,,95.96,95.96,95.96,95.96,A,A,A,A
77,,,,webcourses.ucf.edu,EEL3801C-22Fall 0M01,7.87,9.67,32.33,31.27,12,8,48.75,48.75,48.75,48.75,,,,,31.93,31.93,31.93,31.93,14.03,14.03,14.03,14.03,39.92,39.92,39.92,39.92,40.33,40.33,40.33,40.33,40.67,40.67,40.67,40.67,18.67,18.67,18.67,18.67,48,48,48,48,32,32,32,32,47.48,47.48,47.48,47.48,80.6,80.6,80.6,80.6,150,150,150,150,82.47,82.47,82.47,82.47,37.5,37.5,37.5,37.5,45,45,45,45,,,,,44.62,44.62,44.62,44.62,F,F,F,F
78,,,,webcourses.ucf.edu,EEL3801C-22Fall 0M01,13.67,61.33,95,67.14,25,24,97.5,97.5,97.5,97.5,,,,,56.84,56.84,56.84,56.84,60,60,60,60,88.65,88.65,88.65,88.65,105,105,105,105,82.93,82.93,82.93,82.93,80.33,80.33,80.33,80.33,100,100,100,100,96,96,96,96,70.68,70.68,70.68,70.68,97,97,97,97,100,100,100,100,93.67,93.67,93.67,93.67,100,100,100,100,98,98,98,98,,,,,91.19,91.19,91.19,91.19,A,A,A,A
79,,,,webcourses.ucf.edu,EEL3801C-22Fall 0M01,14.6,67.33,81.97,76.14,21.17,23.5,100,100,100,100,,,,,77.63,77.63,77.63,77.63,65.55,65.55,65.55,65.55,91.79,91.79,91.79,91.79,92.97,92.97,92.97,92.97,89.88,89.88,89.88,89.88,86.33,86.33,86.33,86.33,84.68,84.68,84.68,84.68,94,94,94,94,74.4,74.4,74.4,74.4,96,96,96,96,150,150,150,150,96,96,96,96,150,150,150,150,101,101,101,101,,,,,93,93,93,93,A,A,A,A
80,,,,webcourses.ucf.edu,EEL3801C-22Fall 0M01,6.67,32.5,66.64,44.56,18.83,15.5,86.25,86.25,86.25,86.25,,,,,60.53,60.53,60.53,60.53,31.33,31.33,31.33,31.33,61.02,61.02,61.02,61.02,74.93,74.93,74.93,74.93,57.57,57.57,57.57,57.57,52.5,52.5,52.5,52.5,75.32,75.32,75.32,75.32,62,62,62,62,42.68,42.68,42.68,42.68,74.15,74.15,74.15,74.15,100,100,100,100,79.97,79.97,79.97,79.97,50,50,50,50,99.1,99.1,99.1,99.1,,,,,66.73,66.73,66.73,66.73,C,C,C,C
81,,,,webcourses.ucf.edu,EEL3801C-22Fall 0M01,17.67,47.5,40,38.97,7.5,10.5,31.25,31.25,31.25,31.25,,,,,44.74,44.74,44.74,44.74,52.13,52.13,52.13,52.13,17.44,17.44,17.44,17.44,49.5,49.5,49.5,49.5,46.97,46.97,46.97,46.97,66.5,66.5,66.5,66.5,30,30,30,30,42,42,42,42,86.68,86.68,86.68,86.68,91.4,91.4,91.4,91.4,100,100,100,100,86.13,86.13,86.13,86.13,100,100,100,100,93.5,93.5,93.5,93.5,,,,,63.5,63.5,63.5,63.5,C,C,C,C
82,,,,webcourses.ucf.edu,EEL3801C-22Fall 0M01,20.67,84.33,87,88.27,24.5,24,56.25,56.25,56.25,56.25,,,,,43.42,43.42,43.42,43.42,84,84,84,84,75.54,75.54,75.54,75.54,95.5,95.5,95.5,95.5,100.02,100.02,100.02,100.02,103.33,103.33,103.33,103.33,98,98,98,98,96,96,96,96,98.68,98.68,98.68,98.68,96,96,96,96,150,150,150,150,93.7,93.7,93.7,93.7,87.5,87.5,87.5,87.5,98,98,98,98,,,,,99.29,99.29,99.29,99.29,A,A,A,A
83,,,,webcourses.ucf.edu,EEL3801C-22Fall 0M01,19,65.17,99,87.33,24,15.5,75.63,75.63,75.63,75.63,,,,,63.16,63.16,63.16,63.16,67.33,67.33,67.33,67.33,83.59,83.59,83.59,83.59,108,108,108,108,99.33,99.33,99.33,99.33,85.17,85.17,85.17,85.17,96,96,96,96,62,62,62,62,92,92,92,92,85.75,85.75,85.75,85.75,100,100,100,100,74.05,74.05,74.05,74.05,50,50,50,50,78.75,78.75,78.75,78.75,,,,,90.7,90.7,90.7,90.7,A,A,A,A
84,,,,webcourses.ucf.edu,EEL3801C-22Fall 0M01,13,42,65.33,68.33,24.5,22.5,78.13,78.13,78.13,78.13,,,,,62.28,62.28,62.28,62.28,44,44,44,44,77.19,77.19,77.19,77.19,75.83,75.83,75.83,75.83,79.33,79.33,79.33,79.33,61.33,61.33,61.33,61.33,98,98,98,98,90,90,90,90,68,68,68,68,91,91,91,91,150,150,150,150,96.67,96.67,96.67,96.67,87.5,87.5,87.5,87.5,101,101,101,101,,,,,81.05,81.05,81.05,81.05,B+,B+,B+,B+
85,,,,webcourses.ucf.edu,EEL3801C-22Fall 0M01,19.8,60.08,94,85.93,25,23.5,66.25,66.25,66.25,66.25,,,,,60.53,60.53,60.53,60.53,63.91,63.91,63.91,63.91,92.14,92.14,92.14,92.14,102.5,102.5,102.5,102.5,96.93,96.93,96.93,96.93,80.08,80.08,80.08,80.08,100,100,100,100,94,94,94,94,95.2,95.2,95.2,95.2,93.85,93.85,93.85,93.85,150,150,150,150,88.55,88.55,88.55,88.55,100,100,100,100,96.8,96.8,96.8,96.8,,,,,94.91,94.91,94.91,94.91,A,A,A,A
86,,,,webcourses.ucf.edu,EEL3801C-22Fall 0M01,15,36.34,30.67,46.4,22.5,6,63.75,63.75,63.75,113.75,,,,,45.79,45.79,45.79,45.79,41.07,41.07,41.07,41.07,66.09,66.09,66.09,66.09,47.5,47.5,47.5,47.5,56.6,56.6,56.6,56.6,51.33,51.33,51.33,51.33,90,90,90,90,24,24,24,24,76,76,76,76,62.35,62.35,62.35,62.35,100,100,100,100,16.33,16.33,16.33,16.33,87.5,87.5,87.5,87.5,61.4,61.4,61.4,61.4,,,,,54.14,54.14,54.14,54.14,F,F,F,F
87,,,,webcourses.ucf.edu,EEL3801C-22Fall 0M01,9,59.24,77,55.87,17.5,24,40,40,40,40,,,,,31.58,31.58,31.58,31.58,54.59,54.59,54.59,54.59,39.78,39.78,39.78,39.78,86,86,86,86,63.87,63.87,63.87,63.87,68.25,68.25,68.25,68.25,70,70,70,70,96,96,96,96,52,52,52,52,67.7,67.7,67.7,67.7,100,100,100,100,67.13,67.13,67.13,67.13,100,100,100,100,37,37,37,37,,,,,70.55,70.55,70.55,70.55,C,C,C,C
88,,,,webcourses.ucf.edu,EEL3801C-22Fall 0M01,5.93,46.5,33.17,56.4,18.33,21.5,74.38,74.38,74.38,74.38,,,,,47.37,47.37,47.37,47.37,41.95,41.95,41.95,41.95,60.7,60.7,60.7,60.7,41.67,41.67,41.67,41.67,65.9,65.9,65.9,65.9,56.5,56.5,56.5,56.5,73.33,73.33,73.33,73.33,86,86,86,86,39.72,39.72,39.72,39.72,88.2,88.2,88.2,88.2,100,100,100,100,81.17,81.17,81.17,81.17,100,100,100,100,97.4,97.4,97.4,97.4,,,,,65.44,65.44,65.44,65.44,C,C,C,C
89,,,,webcourses.ucf.edu,EEL3801C-22Fall 0M01,19,53.58,78.33,74.83,20.5,22.5,31.25,31.25,31.25,31.25,,,,,26.32,26.32,26.32,26.32,58.07,58.07,58.07,58.07,30.03,30.03,30.03,30.03,86.33,86.33,86.33,86.33,82.83,82.83,82.83,82.83,62.58,62.58,62.58,62.58,82,82,82,82,90,90,90,90,92,92,92,92,95.4,95.4,95.4,95.4,150,150,150,150,92.78,92.78,92.78,92.78,150,150,150,150,96.5,96.5,96.5,96.5,,,,,85.48,85.48,85.48,85.48,A,A,A,A
90,,,,webcourses.ucf.edu,EEL3801C-22Fall 0M01,8.67,41.68,79.67,54.5,20.67,19,83.75,83.75,83.75,133.75,,,,,55.26,55.26,55.26,55.26,40.28,40.28,40.28,40.28,61.6,61.6,61.6,61.6,90.17,90.17,90.17,90.17,63.5,63.5,63.5,63.5,62.67,62.67,62.67,62.67,82.68,82.68,82.68,82.68,76,76,76,76,50.68,50.68,50.68,50.68,83.53,83.53,83.53,83.53,150,150,150,150,76.47,76.47,76.47,76.47,150,150,150,150,100,100,100,100,,,,,77.94,77.94,77.94,77.94,B-,B-,B-,B-
91,,,,webcourses.ucf.edu,EEL3801C-22Fall 0M01,7,37.97,48.16,58.2,9.67,16,63.75,63.75,63.75,63.75,,,,,50,50,50,50,35.98,35.98,35.98,35.98,71.84,71.84,71.84,71.84,56.67,56.67,56.67,56.67,68.83,68.83,68.83,68.83,46.97,46.97,46.97,46.97,38.67,38.67,38.67,38.67,64,64,64,64,44,44,44,44,47.98,47.98,47.98,47.98,100,100,100,100,35.67,35.67,35.67,35.67,100,100,100,100,83.15,83.15,83.15,83.15,,,,,57.5,57.5,57.5,57.5,F,F,F,F
92,,,,webcourses.ucf.edu,EEL3801C-22Fall 0M01,6.67,60.38,75,79.47,12.17,6.5,31.25,31.25,31.25,81.25,,,,,36.84,36.84,36.84,36.84,53.64,53.64,53.64,53.64,31.27,31.27,31.27,31.27,83,83,83,83,87.47,87.47,87.47,87.47,74.38,74.38,74.38,74.38,48.67,48.67,48.67,48.67,26,26,26,26,42.68,42.68,42.68,42.68,63.2,63.2,63.2,63.2,83.5,83.5,83.5,83.5,46.25,46.25,46.25,46.25,150,150,150,150,77.5,77.5,77.5,77.5,,,,,72.59,72.59,72.59,72.59,C,C,C,C
93,,,,webcourses.ucf.edu,EEL3801C-22Fall 0M01,11,57.33,83,68.7,21.33,20.5,100,100,100,100,,,,,57.89,57.89,57.89,57.89,54.67,54.67,54.67,54.67,88.57,88.57,88.57,88.57,93,93,93,93,79.7,79.7,79.7,79.7,66.33,66.33,66.33,66.33,85.32,85.32,85.32,85.32,82,82,82,82,60,60,60,60,92.5,92.5,92.5,92.5,100,100,100,100,75.05,75.05,75.05,75.05,100,100,100,100,94,94,94,94,,,,,81.48,81.48,81.48,81.48,B+,B+,B+,B+
94,,,,webcourses.ucf.edu,EEL3801C-22Fall 0M01,19,67.5,83,95.17,20.33,21.5,90,90,90,90,,,,,50,50,50,50,69.2,69.2,69.2,69.2,80.03,80.03,80.03,80.03,93,93,93,93,105.67,105.67,105.67,105.67,86.5,86.5,86.5,86.5,81.33,81.33,81.33,81.33,86,86,86,86,92,92,92,92,96.15,96.15,96.15,96.15,100,100,100,100,96.93,96.93,96.93,96.93,100,100,100,100,93,93,93,93,,,,,94.03,94.03,94.03,94.03,A,A,A,A
95,,,,webcourses.ucf.edu,EEL3801C-22Fall 0M01,12,51.5,41.53,62.47,4,7.5,31.25,31.25,31.25,31.25,,,,,26.32,26.32,26.32,26.32,50.8,50.8,50.8,50.8,20.39,20.39,20.39,20.39,49.53,49.53,49.53,49.53,70.47,70.47,70.47,70.47,60.5,60.5,60.5,60.5,16,16,16,16,30,30,30,30,64,64,64,64,78.45,78.45,78.45,78.45,150,150,150,150,53,53,53,53,100,100,100,100,74,74,74,74,,,,,60.98,60.98,60.98,60.98,D,D,D,D
96,,,,webcourses.ucf.edu,EEL3801C-22Fall 0M01,20.67,75.33,83.9,61.33,21.67,22.5,97.5,97.5,97.5,97.5,,,,,65.79,65.79,65.79,65.79,76.8,76.8,76.8,76.8,83.38,83.38,83.38,83.38,93.4,93.4,93.4,93.4,73.33,73.33,73.33,73.33,84.33,84.33,84.33,84.33,86.67,86.67,86.67,86.67,90,90,90,90,98.68,98.68,98.68,98.68,75.55,75.55,75.55,75.55,100,100,100,100,61.5,61.5,61.5,61.5,137.5,137.5,137.5,137.5,90.7,90.7,90.7,90.7,,,,,84.67,84.67,84.67,84.67,A,A,A,A
97,,,,webcourses.ucf.edu,EEL3801C-22Fall 0M01,0,0,45.74,53.7,14.67,22,95,95,95,145,,,,,33.95,33.95,33.95,33.95,0,0,0,0,70.48,70.48,70.48,70.48,53.73,53.73,53.73,53.73,65.15,65.15,65.15,65.15,85.27,85.27,85.27,85.27,58.68,58.68,58.68,58.68,88,88,88,88,,,0,0,76.5,76.5,76.5,76.5,83.5,83.5,83.5,83.5,66.87,66.87,66.87,66.87,87.5,87.5,87.5,87.5,30,30,30,30,,,,,67.07,67.07,63.72,63.72,C,C,C,C
98,,,,webcourses.ucf.edu,EEL3801C-22Fall 0M01,22.67,75.5,89,93.67,23.5,21,97.5,97.5,97.5,97.5,,,,,63.16,63.16,63.16,63.16,78.53,78.53,78.53,78.53,92.68,92.68,92.68,92.68,99,99,99,99,103.67,103.67,103.67,103.67,95.5,95.5,95.5,95.5,94,94,94,94,84,84,84,84,106.68,106.68,106.68,106.68,97,97,97,97,100,100,100,100,97,97,97,97,37.5,37.5,37.5,37.5,103,103,103,103,,,,,97.41,97.41,97.41,97.41,A,A,A,A
99,,,,webcourses.ucf.edu,EEL3801C-22Fall 0M01,15,51.25,82,72.27,24,12,85,85,85,85,,,,,52.63,52.63,52.63,52.63,53,53,53,53,67.5,67.5,67.5,67.5,91,91,91,91,82.27,82.27,82.27,82.27,71.25,71.25,71.25,71.25,96,96,96,96,48,48,48,48,76,76,76,76,78.1,78.1,78.1,78.1,83.5,83.5,83.5,83.5,95.55,95.55,95.55,95.55,87.5,87.5,87.5,87.5,98.8,98.8,98.8,98.8,,,,,82.4,82.4,82.4,82.4,A-,A-,A-,A-
100,,,,webcourses.ucf.edu,EEL3801C-22Fall 0M01,23.8,90.4,84,81.5,25,23,100,100,100,100,,,,,65.79,65.79,65.79,65.79,91.36,91.36,91.36,91.36,92.45,92.45,92.45,92.45,94.5,94.5,94.5,94.5,92.5,92.5,92.5,92.5,106.4,106.4,106.4,106.4,100,100,100,100,92,92,92,92,111.2,111.2,111.2,111.2,94.1,94.1,94.1,94.1,100,100,100,100,95.72,95.72,95.72,95.72,100,100,100,100,92.9,92.9,92.9,92.9,,,,,97.63,97.63,97.63,97.63,A,A,A,A
101,,,,webcourses.ucf.edu,EEL3801C-22Fall 0M01,22,77.4,61.4,65.87,20.5,23,88.75,88.75,88.75,88.75,,,,,39.47,39.47,39.47,39.47,79.52,79.52,79.52,79.52,67.11,67.11,67.11,67.11,71.9,71.9,71.9,71.9,73.87,73.87,73.87,73.87,91.4,91.4,91.4,91.4,82,82,82,82,92,92,92,92,104,104,104,104,87.95,87.95,87.95,87.95,100,100,100,100,47.42,47.42,47.42,47.42,150,150,150,150,91.75,91.75,91.75,91.75,,,,,82.23,82.23,82.23,82.23,A-,A-,A-,A-
102,,,,webcourses.ucf.edu,EEL3801C-22Fall 0M01,11.27,73.7,75.33,64,25,13,31.25,31.25,31.25,81.25,,,,,42.11,42.11,42.11,42.11,67.97,67.97,67.97,67.97,29.28,29.28,29.28,29.28,84.33,84.33,84.33,84.33,72,72,72,72,92.7,92.7,92.7,92.7,100,100,100,100,52,52,52,52,61.08,61.08,61.08,61.08,92.3,92.3,92.3,92.3,100,100,100,100,94.17,94.17,94.17,94.17,100,100,100,100,101.5,101.5,101.5,101.5,,,,,84.62,84.62,84.62,84.62,A,A,A,A
103,,,,webcourses.ucf.edu,EEL3801C-22Fall 0M01,21.4,82.1,91.67,83,24.5,23,92.5,92.5,92.5,92.5,,,,,60.7,60.7,60.7,60.7,82.8,82.8,82.8,82.8,81.31,81.31,81.31,81.31,101.67,101.67,101.67,101.67,94.2,94.2,94.2,94.2,91.43,91.43,91.43,91.43,98,98,98,98,92,92,92,92,101.6,101.6,101.6,101.6,96.9,96.9,96.9,96.9,200,200,200,200,90.47,90.47,90.47,90.47,150,150,150,150,101.2,101.2,101.2,101.2,,,,,99.24,99.24,99.24,99.24,A,A,A,A
104,,,,webcourses.ucf.edu,EEL3801C-22Fall 0M01,10,63,80,59.27,24.5,25,97.5,97.5,97.5,97.5,,,,,67.02,67.02,67.02,67.02,58.4,58.4,58.4,58.4,84.17,84.17,84.17,84.17,90.5,90.5,90.5,90.5,69.17,69.17,69.17,69.17,83.33,83.33,83.33,83.33,98,98,98,98,100,100,100,100,56,56,56,56,93.6,93.6,93.6,93.6,150,150,150,150,96.98,96.98,96.98,96.98,150,150,150,150,97,97,97,97,,,,,87.43,87.43,87.43,87.43,A,A,A,A
105,,,,webcourses.ucf.edu,EEL3801C-22Fall 0M01,6.2,68.7,76.67,70.63,25,19.5,46.25,46.25,46.25,46.25,,,,,42.11,42.11,42.11,42.11,59.92,59.92,59.92,59.92,52.41,52.41,52.41,52.41,85.67,85.67,85.67,85.67,80.63,80.63,80.63,80.63,77.7,77.7,77.7,77.7,100,100,100,100,78,78,78,78,40.8,40.8,40.8,40.8,88.3,88.3,88.3,88.3,100,100,100,100,67.33,67.33,67.33,67.33,150,150,150,150,98,98,98,98,,,,,82.49,82.49,82.49,82.49,A-,A-,A-,A-
106,,,,webcourses.ucf.edu,EEL3801C-22Fall 0M01,13.4,38,68,64.93,13.33,17,100,100,100,100,,,,,42.11,42.11,42.11,42.11,41.12,41.12,41.12,41.12,84.89,84.89,84.89,84.89,84,84,84,84,74.93,74.93,74.93,74.93,47,47,47,47,53.33,53.33,53.33,53.33,68,68,68,68,69.6,69.6,69.6,69.6,85.5,85.5,85.5,85.5,150,150,150,150,89.67,89.67,89.67,89.67,87.5,87.5,87.5,87.5,86,86,86,86,,,,,73.76,73.76,73.76,73.76,C+,C+,C+,C+
107,,,,webcourses.ucf.edu,EEL3801C-22Fall 0M01,19,77.33,90.83,94.79,25,24.5,97.5,97.5,97.5,97.5,,,,,76.75,76.75,76.75,76.75,77.07,77.07,77.07,77.07,93.26,93.26,93.26,93.26,101.33,101.33,101.33,101.33,108.62,108.62,108.62,108.62,98.66,98.66,98.66,98.66,100,100,100,100,98,98,98,98,92,92,92,92,95,95,95,95,200,200,200,200,87.55,87.55,87.55,87.55,200,200,200,200,97,97,97,97,,,,,103.79,103.79,103.79,103.79,A,A,A,A
108,,,,webcourses.ucf.edu,EEL3801C-22Fall 0M01,0,0,39,49.4,20,17,56.25,56.25,56.25,56.25,,,,,42.11,42.11,42.11,42.11,0,0,0,0,56.55,56.55,56.55,56.55,50,50,50,50,57.4,57.4,57.4,57.4,9,9,9,9,80,80,80,80,68,68,68,68,0,0,0,0,82.85,82.85,82.85,82.85,100,100,100,100,81.63,81.63,81.63,81.63,25,25,25,25,16.5,16.5,16.5,16.5,,,,,45.85,45.85,45.85,45.85,F,F,F,F
109,,,,webcourses.ucf.edu,EEL3801C-22Fall 0M01,10.67,47.33,77,56.13,5,12,92.5,92.5,92.5,92.5,,,,,56.58,56.58,56.58,56.58,46.4,46.4,46.4,46.4,75.12,75.12,75.12,75.12,86.5,86.5,86.5,86.5,65.38,65.38,65.38,65.38,67.33,67.33,67.33,67.33,20,20,20,20,48,48,48,48,58.68,58.68,58.68,58.68,81.25,81.25,81.25,81.25,100,100,100,100,82.83,82.83,82.83,82.83,100,100,100,100,96,96,96,96,,,,,72.38,72.38,72.38,72.38,C,C,C,C
110,,,,webcourses.ucf.edu,EEL3801C-22Fall 0M01,7.87,68.92,84.33,73.97,17.7,16,95,95,95,95,,,,,36.84,36.84,36.84,36.84,61.43,61.43,61.43,61.43,82.02,82.02,82.02,82.02,93.33,93.33,93.33,93.33,83.97,83.97,83.97,83.97,77.92,77.92,77.92,77.92,70.8,70.8,70.8,70.8,64,64,64,64,47.48,47.48,47.48,47.48,86.6,86.6,86.6,86.6,100,100,100,100,96.5,96.5,96.5,96.5,100,100,100,100,0,0,0,0,,,,,76.98,76.98,76.98,76.98,B-,B-,B-,B-
111,,,,webcourses.ucf.edu,EEL3801C-22Fall 0M01,13,44.33,51.75,61.6,16.33,18,95,95,95,95,,,,,57.89,57.89,57.89,57.89,45.87,45.87,45.87,45.87,73.21,73.21,73.21,73.21,59.75,59.75,59.75,59.75,73.6,73.6,73.6,73.6,53.33,53.33,53.33,53.33,65.32,65.32,65.32,65.32,72,72,72,72,68,68,68,68,83.55,83.55,83.55,83.55,100,100,100,100,72.37,72.37,72.37,72.37,100,100,100,100,95.9,95.9,95.9,95.9,,,,,69.23,69.23,69.23,69.23,C,C,C,C
112,,,,webcourses.ucf.edu,EEL3801C-22Fall 0M01,19.6,95.5,89.17,75.33,22.67,25,31.25,31.25,31.25,31.25,,,,,42.11,42.11,42.11,42.11,92.08,92.08,92.08,92.08,34.22,34.22,34.22,34.22,99.17,99.17,99.17,99.17,83.33,83.33,83.33,83.33,114.5,114.5,114.5,114.5,90.67,90.67,90.67,90.67,100,100,100,100,94.4,94.4,94.4,94.4,90.6,90.6,90.6,90.6,150,150,150,150,92.73,92.73,92.73,92.73,150,150,150,150,101.8,101.8,101.8,101.8,,,,,99.61,99.61,99.61,99.61,A,A,A,A
113,,,,webcourses.ucf.edu,EEL3801C-22Fall 0M01,15.8,60.57,60.5,64.67,20,20.5,33.75,33.75,33.75,33.75,,,,,53.95,53.95,53.95,53.95,61.09,61.09,61.09,61.09,28.46,28.46,28.46,28.46,70.75,70.75,70.75,70.75,73.67,73.67,73.67,73.67,69.57,69.57,69.57,69.57,80,80,80,80,82,82,82,82,79.2,79.2,79.2,79.2,88.75,88.75,88.75,88.75,83.5,83.5,83.5,83.5,69.5,69.5,69.5,69.5,100,100,100,100,77.35,77.35,77.35,77.35,,,,,75.02,75.02,75.02,75.02,B-,B-,B-,B-
114,,,,webcourses.ucf.edu,EEL3801C-22Fall 0M01,10.67,62.17,90.67,74.93,22.17,12,31.25,31.25,31.25,81.25,,,,,31.58,31.58,31.58,31.58,58.27,58.27,58.27,58.27,32.47,32.47,32.47,32.47,98.67,98.67,98.67,98.67,82.93,82.93,82.93,82.93,71.17,71.17,71.17,71.17,88.67,88.67,88.67,88.67,48,48,48,48,58.68,58.68,58.68,58.68,88.35,88.35,88.35,88.35,100,100,100,100,92.22,92.22,92.22,92.22,100,100,100,100,84.5,84.5,84.5,84.5,,,,,82.88,82.88,82.88,82.88,A-,A-,A-,A-
115,,,,webcourses.ucf.edu,EEL3801C-22Fall 0M01,16,73.08,83,89.8,24,25,95,95,95,95,,,,,50,50,50,50,71.27,71.27,71.27,71.27,86.82,86.82,86.82,86.82,91.5,91.5,91.5,91.5,99.8,99.8,99.8,99.8,92.08,92.08,92.08,92.08,96,96,96,96,100,100,100,100,80,80,80,80,97,97,97,97,100,100,100,100,97.2,97.2,97.2,97.2,150,150,150,150,101,101,101,101,,,,,96.14,96.14,96.14,96.14,A,A,A,A
116,,,,webcourses.ucf.edu,EEL3801C-22Fall 0M01,7.07,35.5,64.66,43.86,19.67,19,97.5,97.5,97.5,97.5,,,,,28.95,28.95,28.95,28.95,34.05,34.05,34.05,34.05,76.96,76.96,76.96,76.96,73.17,73.17,73.17,73.17,50.93,50.93,50.93,50.93,48.5,48.5,48.5,48.5,78.68,78.68,78.68,78.68,76,76,76,76,44.28,44.28,44.28,44.28,85.8,85.8,85.8,85.8,100,100,100,100,77.43,77.43,77.43,77.43,100,100,100,100,90,90,90,90,,,,,66.19,66.19,66.19,66.19,C,C,C,C
117,,,,webcourses.ucf.edu,EEL3801C-22Fall 0M01,17.87,80.73,69.17,88.27,22.67,23.5,81.88,81.88,81.88,81.88,,,,,74.21,74.21,74.21,74.21,78.88,78.88,78.88,78.88,87.73,87.73,87.73,87.73,78.67,78.67,78.67,78.67,100.87,100.87,100.87,100.87,100.73,100.73,100.73,100.73,90.67,90.67,90.67,90.67,94,94,94,94,87.48,87.48,87.48,87.48,97.1,97.1,97.1,97.1,100,100,100,100,96.6,96.6,96.6,96.6,150,150,150,150,101,101,101,101,,,,,95.29,95.29,95.29,95.29,A,A,A,A
118,,,,webcourses.ucf.edu,EEL3801C-22Fall 0M01,21,52.5,69,80.33,20,25,41.25,41.25,41.25,41.25,,,,,47.37,47.37,47.37,47.37,58.8,58.8,58.8,58.8,46.93,46.93,46.93,46.93,78,78,78,78,90.33,90.33,90.33,90.33,71.5,71.5,71.5,71.5,80,80,80,80,100,100,100,100,100,100,100,100,93.5,93.5,93.5,93.5,100,100,100,100,64.17,64.17,64.17,64.17,87.5,87.5,87.5,87.5,97,97,97,97,,,,,83.54,83.54,83.54,83.54,A-,A-,A-,A-
119,,,,webcourses.ucf.edu,EEL3801C-22Fall 0M01,2.33,12.5,40.5,34.93,16.17,6.5,58.75,58.75,58.75,58.75,,,,,36.84,36.84,36.84,36.84,11.87,11.87,11.87,11.87,57.93,57.93,57.93,57.93,49.5,49.5,49.5,49.5,43.93,43.93,43.93,43.93,21.5,21.5,21.5,21.5,64.67,64.67,64.67,64.67,26,26,26,26,25.32,25.32,25.32,25.32,81.9,81.9,81.9,81.9,91.5,91.5,91.5,91.5,77.9,77.9,77.9,77.9,100,100,100,100,86.45,86.45,86.45,86.45,,,,,49.85,49.85,49.85,49.85,F,F,F,F
120,,,,webcourses.ucf.edu,EEL3801C-22Fall 0M01,23,96,94,98.8,25,22,100,100,100,100,,,,,78.95,78.95,78.95,78.95,95.2,95.2,95.2,95.2,96.63,96.63,96.63,96.63,104,104,104,104,111.8,111.8,111.8,111.8,106,106,106,106,100,100,100,100,88,88,88,88,108,108,108,108,95.25,95.25,95.25,95.25,200,200,200,200,98,98,98,98,200,200,200,200,103,103,103,103,,,,,107.9,107.9,107.9,107.9,A,A,A,A
121,,,,webcourses.ucf.edu,EEL3801C-22Fall 0M01,13,48.83,86.71,86.73,19,15,97.5,97.5,97.5,97.5,,,,,78.95,78.95,78.95,78.95,49.47,49.47,49.47,49.47,90.87,90.87,90.87,90.87,97.7,97.7,97.7,97.7,99.73,99.73,99.73,99.73,69.16,69.16,69.16,69.16,76,76,76,76,60,60,60,60,68,68,68,68,91.3,91.3,91.3,91.3,200,200,200,200,89.15,89.15,89.15,89.15,150,150,150,150,94.5,94.5,94.5,94.5,,,,,89.76,89.76,89.76,89.76,A,A,A,A
122,,,,webcourses.ucf.edu,EEL3801C-22Fall 0M01,17.6,38.17,62,52.13,17.67,19,100,100,100,100,,,,,57.89,57.89,57.89,57.89,44.61,44.61,44.61,44.61,81.2,81.2,81.2,81.2,72.5,72.5,72.5,72.5,62.63,62.63,62.63,62.63,48.17,48.17,48.17,48.17,70.67,70.67,70.67,70.67,76,76,76,76,86.4,86.4,86.4,86.4,82.13,82.13,82.13,82.13,150,150,150,150,63.74,63.74,63.74,63.74,100,100,100,100,67.4,67.4,67.4,67.4,,,,,68.24,68.24,68.24,68.24,C,C,C,C
"Student, Test",4398467,,71ec4d15f0d89176a179b77d89607b8cc6101165,webcourses.ucf.edu,EEL3801C-22Fall 0M01,0,0,0,0,25,25,,,0,0,,,,,0,0,0,0,0,0,0,0,0,0,0,0,100,100,100,100,100,100,100,100,100,100,100,100,100,100,100,100,100,100,100,100,100,100,100,100,100,100,100,100,100,100,100,100,100,100,100,100,100,100,100,100,100,100,100,100,,,,,100,100,100,100,A,A,A,A