,Student,Attendance - Final Exam Rebuttal 67% or more (7914860),Attendance (7965941),Prerequisite / Financial Aid Quiz (7914812),EC: W02-Video-Content-Quiz-Spring-2023 (7914857),EC: W03-Video-Content-Quiz-Spring-2023 (7914771),EC: W04-Video-Content-Quiz-Spring-2023 (7914852),EC: W05-Video-Content-Quiz-Spring-2023 (7914851),EC: W06-Video-Content-Quiz-Spring-2023 (7914760),EC Total to Ex1 (7914871),EC: W07-Video-Content-Quiz-Spring-2023 (7914849),EC: W09-Video-Content-Quiz (7914855),EC: W11-Video-Content-Quiz-Spring-2023 (7914772),EC: W12-Video-Content-Quiz-Spring-2023 (7914759),EC Total to Ex2 (7914872),EC: W13-Video-Content-Quiz-Spring-2023 (7914757),EC: W08-Video-Content-Quiz-Spring-2023 (7914821),EC Total to Final (7914873),FYI - not an assignment: Intel Overclocking video (7914875),Quiz 3 Raw Score without curve which is Not used for letter grade calculation - Requires Respondus LockDown Browser (7914754),Final Exam-s Raw Score without curve which is Not used for letter grade calculation - Requires Respondus LockDown Browser (7914775),EC: W14-Video-Content-Quiz-Spring-2023 (7970796),EC: W15-Video-Content-Quiz-Spring-2023 (7978678),Midterm Exam 1 Raw Score without curve which is Not used for letter grade calculation - Requires Respondus LockDown Browser (7914847),Midterm Exam 2-s Raw Score without curve which is Not used for letter grade calculation - Requires Respondus LockDown Browser (7914795),EC-Bonus-Project (7914868),Attendance - Quiz 1 rebuttal (7940848),Attendance - Midterm 1 rebuttal (7914861),Attendance - Quiz 2 rebuttal (7914863),Attendance - Midterm 2 Rebuttal (7914862),Attendance - Quiz 3 Rebuttal (7974489),Midterm Exam 1 + EC (7914876),Midterm Exam 2 + EC (7914877),Final-s+Video-EC+Lab-EC (7914874),Quiz 1- Requires Respondus LockDown Browser (7914782),Quiz 2 - Requires Respondus LockDown Browser (7934760),Quiz 3 with Curve (7914884),Project #1 Score (7914880),Collaborative Activity #1 Score (7914864),Project #2 Score (7914881),Collaborative Activity #2 Score (7914865),Project 3 (7914882),Extra Credit Current Score,Extra Credit Unposted Current Score,Extra Credit Final Score,Extra Credit Unposted Final Score,Component Scores (instead weighted in corresponding category after EC added) Current Score,Component Scores (instead weighted in corresponding category after EC added) Unposted Current Score,Component Scores (instead weighted in corresponding category after EC added) Final Score,Component Scores (instead weighted in corresponding category after EC added) Unposted Final Score,(Midterm Exam 1)+EC Category Current Score,(Midterm Exam 1)+EC Category Unposted Current Score,(Midterm Exam 1)+EC Category Final Score,(Midterm Exam 1)+EC Category Unposted Final Score,(Midterm Exam 2)+EC Category Current Score,(Midterm Exam 2)+EC Category Unposted Current Score,(Midterm Exam 2)+EC Category Final Score,(Midterm Exam 2)+EC Category Unposted Final Score,(Final Exam)+EC Category Current Score,(Final Exam)+EC Category Unposted Current Score,(Final Exam)+EC Category Final Score,(Final Exam)+EC Category Unposted Final Score,Quiz1-Category Current Score,Quiz1-Category Unposted Current Score,Quiz1-Category Final Score,Quiz1-Category Unposted Final Score,Quiz2-Category Current Score,Quiz2-Category Unposted Current Score,Quiz2-Category Final Score,Quiz2-Category Unposted Final Score,Quiz3-Category Current Score,Quiz3-Category Unposted Current Score,Quiz3-Category Final Score,Quiz3-Category Unposted Final Score,Project 1 Materials Overall Category Current Score,Project 1 Materials Overall Category Unposted Current Score,Project 1 Materials Overall Category Final Score,Project 1 Materials Overall Category Unposted Final Score,Project 1 Collaborative Category Current Score,Project 1 Collaborative Category Unposted Current Score,Project 1 Collaborative Category Final Score,Project 1 Collaborative Category Unposted Final Score,Project 2 Materials Overall Category Current Score,Project 2 Materials Overall Category Unposted Current Score,Project 2 Materials Overall Category Final Score,Project 2 Materials Overall Category Unposted Final Score,Project 2 Collaborative Activity Category Current Score,Project 2 Collaborative Activity Category Unposted Current Score,Project 2 Collaborative Activity Category Final Score,Project 2 Collaborative Activity Category Unposted Final Score,Project 3 Materials Overall Category Current Score,Project 3 Materials Overall Category Unposted Current Score,Project 3 Materials Overall Category Final Score,Project 3 Materials Overall Category Unposted Final Score,Current Score,Unposted Current Score,Final Score,Unposted Final Score
2,1,95.56,77.78,7,0.5,0,1,0,1,2.5,0,0,0,0,1,0,1,11,,20,66.37,1,0,91.5,81.47,10,100,100,100,100,50,102,91.47,77.37,22.17,16,23,93.92,100,89.75,87.5,79,52.5,52.5,52.5,52.5,89.15,89.15,89.15,89.15,102,102,102,102,91.47,91.47,91.47,91.47,77.37,77.37,77.37,77.37,88.67,88.67,88.67,88.67,64,64,64,64,92,92,92,92,93.92,93.92,93.92,93.92,100,100,100,100,89.75,89.75,89.75,89.75,87.5,87.5,87.5,87.5,79,79,79,79,88.54,88.54,88.54,88.54
3,2,90,100,4,0.5,0,1,1,1,3.5,1,1.25,1,1,3.25,1,0,14,,9,36.67,1,1,67.33,47.3,10,100,100,50,100,100,78.83,58.55,50.67,17.17,25,15,97.94,150,92.91,237.5,94.3,63.75,63.75,63.75,63.75,80.93,80.93,80.93,80.93,78.83,78.83,78.83,78.83,58.55,58.55,58.55,58.55,50.67,50.67,50.67,50.67,68.68,68.68,68.68,68.68,100,100,100,100,60,60,60,60,97.94,97.94,97.94,97.94,150,150,150,150,92.91,92.91,92.91,92.91,237.5,237.5,237.5,237.5,94.3,94.3,94.3,94.3,76.75,76.75,76.75,76.75
4,3,83.33,66.67,7,0.5,1,1,0.5,1,4,0,0,0.33,1,2.33,0,2,12,,25,85.17,0,1,100,85.33,10,100,100,100,50,75,112,96.66,97.17,25,27,28,95.9,100,96.66,175,100.6,71.67,71.67,71.67,71.67,87.37,87.37,87.37,87.37,112,112,112,112,96.66,96.66,96.66,96.66,97.17,97.17,97.17,97.17,100,100,100,100,108,108,108,108,112,112,112,112,95.9,95.9,95.9,95.9,100,100,100,100,96.66,96.66,96.66,96.66,175,175,175,175,100.6,100.6,100.6,100.6,103.19,103.19,103.19,103.19
5,4,90.56,77.78,7,0,0,0,0,1,1,0,0,0,1,0,0,0,11,,20,41.58,0,0,78,70.87,10,100,100,100,75,50,87,79.87,52.58,25,19,23,95.94,100,94.11,87.5,101.35,45,45,45,45,82.24,82.24,82.24,82.24,87,87,87,87,79.87,79.87,79.87,79.87,52.58,52.58,52.58,52.58,100,100,100,100,76,76,76,76,92,92,92,92,95.94,95.94,95.94,95.94,100,100,100,100,94.11,94.11,94.11,94.11,87.5,87.5,87.5,87.5,101.35,101.35,101.35,101.35,81.44,81.44,81.44,81.44
6,5,16.67,0,5,0.5,1,0,0,0,1.5,0,1,0,0,1,0,0,10,,18.27,61.17,0,0,71.67,68.17,10,66.67,16.67,0,0,0,81.17,78.17,71.17,23.67,19,21.27,94.01,150,93.18,137.5,100.6,37.5,37.5,37.5,37.5,32.84,32.84,32.84,32.84,81.17,81.17,81.17,81.17,78.17,78.17,78.17,78.17,71.17,71.17,71.17,71.17,94.68,94.68,94.68,94.68,76,76,76,76,85.08,85.08,85.08,85.08,94.01,94.01,94.01,94.01,150,150,150,150,93.18,93.18,93.18,93.18,137.5,137.5,137.5,137.5,100.6,100.6,100.6,100.6,84.79,84.79,84.79,84.79
7,6,35.83,33.33,5,0,0,0,0.5,1,1.5,0,0.4,0,1,2.4,1,2,12,,19.5,58.5,0,0,59,79.14,10,12.5,33.33,50,50,50,68.5,90.53,70.5,18.33,14,22.5,92.96,87.5,95.67,87.5,100.3,54.5,54.5,54.5,54.5,48.45,48.45,48.45,48.45,68.5,68.5,68.5,68.5,90.53,90.53,90.53,90.53,70.5,70.5,70.5,70.5,73.33,73.33,73.33,73.33,56,56,56,56,90,90,90,90,92.96,92.96,92.96,92.96,87.5,87.5,87.5,87.5,95.67,95.67,95.67,95.67,87.5,87.5,87.5,87.5,100.3,100.3,100.3,100.3,80.6,80.6,80.6,80.6
8,7,100,100,6,1,0,1,0.5,1,3.5,0,0.6,1,1,2.6,0,1,11,,20.07,78,0,0,92.67,70.6,10,100,100,100,100,100,104.17,82.2,89,23.5,26,23.07,96,200,98.61,287.5,92.6,65.5,65.5,65.5,65.5,94.83,94.83,94.83,94.83,104.17,104.17,104.17,104.17,82.2,82.2,82.2,82.2,89,89,89,89,94,94,94,94,104,104,104,104,92.28,92.28,92.28,92.28,96,96,96,96,200,200,200,200,98.61,98.61,98.61,98.61,287.5,287.5,287.5,287.5,92.6,92.6,92.6,92.6,99.44,99.44,99.44,99.44
9,8,96.11,88.89,5,1,1,0,1,0,3,0,2,0,0,4,1,2,11,,8.67,58.67,0,0,72.67,52.8,10,91.67,100,100,100,100,83.67,65.8,69.67,19.5,20.5,11.67,97,100,95.41,237.5,98.6,65,65,65,65,88.33,88.33,88.33,88.33,83.67,83.67,83.67,83.67,65.8,65.8,65.8,65.8,69.67,69.67,69.67,69.67,78,78,78,78,82,82,82,82,46.68,46.68,46.68,46.68,97,97,97,97,100,100,100,100,95.41,95.41,95.41,95.41,237.5,237.5,237.5,237.5,98.6,98.6,98.6,98.6,81.28,81.28,81.28,81.28
10,9,80,66.67,6.67,0.5,1,1,0,0,2.5,0,0,0,0,1,0,1,10,,20,60.2,0,0,64.77,66.8,10,100,83.33,100,50,75,75.27,76.8,70.2,16.5,18.5,23,93.01,137.5,92.05,125,100.6,50.83,50.83,50.83,50.83,77.45,77.45,77.45,77.45,75.27,75.27,75.27,75.27,76.8,76.8,76.8,76.8,70.2,70.2,70.2,70.2,66,66,66,66,74,74,74,74,92,92,92,92,93.01,93.01,93.01,93.01,137.5,137.5,137.5,137.5,92.05,92.05,92.05,92.05,125,125,125,125,100.6,100.6,100.6,100.6,81.3,81.3,81.3,81.3
11,10,100,100,5,1,0,0,1,0,2,0,1.6,1,1,4.6,1,2,13,,15.6,36.17,1,1,50.5,52.93,9,100,100,100,100,100,60.5,73.53,49.17,7.33,13.5,18.6,89.92,62.5,91.67,87.5,99.7,68,68,68,68,86.26,86.26,86.26,86.26,60.5,60.5,60.5,60.5,73.53,73.53,73.53,73.53,49.17,49.17,49.17,49.17,29.32,29.32,29.32,29.32,54,54,54,54,74.4,74.4,74.4,74.4,89.92,89.92,89.92,89.92,62.5,62.5,62.5,62.5,91.67,91.67,91.67,91.67,87.5,87.5,87.5,87.5,99.7,99.7,99.7,99.7,67.22,67.22,67.22,67.22
12,11,66.67,77.78,6,1,0,1,0,0,2,0,0,0,0,2,0,2,10,,14,39,1,0,59.67,35.27,9,66.67,100,100,0,50,69.67,46.27,49,9.83,22,17,95.51,75.87,150,100,91,50,50,50,50,59.24,59.24,59.24,59.24,69.67,69.67,69.67,69.67,46.27,46.27,46.27,46.27,49,49,49,49,39.33,39.33,39.33,39.33,88,88,88,88,68,68,68,68,95.51,95.51,95.51,95.51,75.87,75.87,75.87,75.87,150,150,150,150,100,100,100,100,91,91,91,91,69.83,69.83,69.83,69.83
13,12,5,0,4,0,0,0,0,0,0,0,0,0,0,0,0,0,10,,13.2,31.83,0,0,60,56.67,10,25,0,0,0,0,68,65.67,41.83,20.33,21.5,16.2,94.94,150,95.28,87.5,100.3,20,20,20,20,21.36,21.36,21.36,21.36,68,68,68,68,65.67,65.67,65.67,65.67,41.83,41.83,41.83,41.83,81.33,81.33,81.33,81.33,86,86,86,86,64.8,64.8,64.8,64.8,94.94,94.94,94.94,94.94,150,150,150,150,95.28,95.28,95.28,95.28,87.5,87.5,87.5,87.5,100.3,100.3,100.3,100.3,71.79,71.79,71.79,71.79
14,13,73.33,66.67,5,0.5,0,1,0,1,2.5,0,0,0,0,1,0,1,11,,15.67,37.38,1,0,55.66,51.46,10,100,100,75,25,25,66.17,61.47,48.38,9,19.5,18.67,79.91,87.5,90.98,37.5,100.6,42.5,42.5,42.5,42.5,62.27,62.27,62.27,62.27,66.17,66.17,66.17,66.17,61.47,61.47,61.47,61.47,48.38,48.38,48.38,48.38,36,36,36,36,78,78,78,78,74.68,74.68,74.68,74.68,79.91,79.91,79.91,79.91,87.5,87.5,87.5,87.5,90.98,90.98,90.98,90.98,37.5,37.5,37.5,37.5,100.6,100.6,100.6,100.6,66.14,66.14,66.14,66.14
15,14,92.78,100,5,0,0,1,0.5,0,1.5,0,0.2,1,1,3.2,1,2,13,,16.67,63.92,1,0,67,71.17,10,100,100,100,75,100,76.5,85.37,81.92,10.33,20.5,19.67,90.67,150,91,100,98.6,58.5,58.5,58.5,58.5,87.77,87.77,87.77,87.77,76.5,76.5,76.5,76.5,85.37,85.37,85.37,85.37,81.92,81.92,81.92,81.92,41.33,41.33,41.33,41.33,82,82,82,82,78.68,78.68,78.68,78.68,90.67,90.67,90.67,90.67,150,150,150,150,91,91,91,91,100,100,100,100,98.6,98.6,98.6,98.6,83.48,83.48,83.48,83.48
16,15,89.72,77.78,5,1,0,0,1,1,4,0,0.95,1,1,3.95,0,2,11,,18.4,77.67,0,0,89.5,77.47,10,87.5,83.33,100,100,75,101.5,91.32,88.67,24,27,21.4,96.4,100,96.17,87.5,98.6,64.75,64.75,64.75,64.75,87.72,87.72,87.72,87.72,101.5,101.5,101.5,101.5,91.32,91.32,91.32,91.32,88.67,88.67,88.67,88.67,96,96,96,96,108,108,108,108,85.6,85.6,85.6,85.6,96.4,96.4,96.4,96.4,100,100,100,100,96.17,96.17,96.17,96.17,87.5,87.5,87.5,87.5,98.6,98.6,98.6,98.6,94.91,94.91,94.91,94.91
17,16,85.28,55.56,6,1,0,0,0,0,1,0,0.5,1,0,1.5,0,0,6,,10.67,39.03,0,0,55.66,47.83,6,87.5,83.33,100,100,100,68.67,58.33,45.03,21.33,22.5,13.67,86.12,150,85.74,125,88.25,42.5,42.5,42.5,42.5,81.74,81.74,81.74,81.74,68.67,68.67,68.67,68.67,58.33,58.33,58.33,58.33,45.03,45.03,45.03,45.03,85.32,85.32,85.32,85.32,90,90,90,90,54.68,54.68,54.68,54.68,86.12,86.12,86.12,86.12,150,150,150,150,85.74,85.74,85.74,85.74,125,125,125,125,88.25,88.25,88.25,88.25,69.61,69.61,69.61,69.61
18,17,41.67,0,4,0,0,1,0,1,2,0,0,0,0,0,0,0,10,,6,17.67,0,0,58,19.63,10,91.67,66.67,50,0,0,68,28.63,27.67,14.5,4,9,73.41,87.5,48.88,87.5,70.6,30,30,30,30,41.69,41.69,41.69,41.69,68,68,68,68,28.63,28.63,28.63,28.63,27.67,27.67,27.67,27.67,58,58,58,58,16,16,16,16,36,36,36,36,73.41,73.41,73.41,73.41,87.5,87.5,87.5,87.5,48.88,48.88,48.88,48.88,87.5,87.5,87.5,87.5,70.6,70.6,70.6,70.6,47.36,47.36,47.36,47.36
19,18,75,66.67,6,0,1,0,0,0,1,0,0,0,0,0,0,0,9,,10.57,36.83,0,0,61.67,48.27,9,91.67,66.67,100,50,75,75.67,57.27,45.83,18.67,22.5,13.57,90.31,125,76.88,87.5,87.4,35,35,35,35,70.74,70.74,70.74,70.74,75.67,75.67,75.67,75.67,57.27,57.27,57.27,57.27,45.83,45.83,45.83,45.83,74.68,74.68,74.68,74.68,90,90,90,90,54.28,54.28,54.28,54.28,90.31,90.31,90.31,90.31,125,125,125,125,76.88,76.88,76.88,76.88,87.5,87.5,87.5,87.5,87.4,87.4,87.4,87.4,68.77,68.77,68.77,68.77
20,19,62.78,88.89,7,0.5,0,0,1,0,1.5,0,0,0,0,2,1,2,1,,20,66.67,0,0,88.67,62.17,0,50,100,50,25,75,98.17,73.17,67.67,22.67,27,23,89.32,0,77.14,87.5,100.6,57.5,57.5,57.5,57.5,63.5,63.5,63.5,63.5,98.17,98.17,98.17,98.17,73.17,73.17,73.17,73.17,67.67,67.67,67.67,67.67,90.67,90.67,90.67,90.67,108,108,108,108,92,92,92,92,89.32,89.32,89.32,89.32,0,0,0,0,77.14,77.14,77.14,77.14,87.5,87.5,87.5,87.5,100.6,100.6,100.6,100.6,82.78,82.78,82.78,82.78
21,20,77.78,88.89,6,0.5,1,0,0,0,1.5,0,0,0,1,2,0,2,10,,17.07,76.33,0,0,86.66,83.6,9,100,100,50,50,100,96.17,94.6,86.33,22.33,22,20.07,88.96,100,91.05,87.5,88.6,52.5,52.5,52.5,52.5,81.59,81.59,81.59,81.59,96.17,96.17,96.17,96.17,94.6,94.6,94.6,94.6,86.33,86.33,86.33,86.33,89.32,89.32,89.32,89.32,88,88,88,88,80.28,80.28,80.28,80.28,88.96,88.96,88.96,88.96,100,100,100,100,91.05,91.05,91.05,91.05,87.5,87.5,87.5,87.5,88.6,88.6,88.6,88.6,90.85,90.85,90.85,90.85
22,21,70.28,55.56,5,1,0,1,0,0,2,0,0.25,0,0,0.25,0,0,10,,17.67,65,0,0,74,74.6,10,87.5,83.33,50,75,75,84,83.85,75,20.67,25,20.67,87.46,37.5,89.27,87.5,100.3,36.25,36.25,36.25,36.25,74.57,74.57,74.57,74.57,84,84,84,84,83.85,83.85,83.85,83.85,75,75,75,75,82.67,82.67,82.67,82.67,100,100,100,100,82.68,82.68,82.68,82.68,87.46,87.46,87.46,87.46,37.5,37.5,37.5,37.5,89.27,89.27,89.27,89.27,87.5,87.5,87.5,87.5,100.3,100.3,100.3,100.3,83.73,83.73,83.73,83.73
23,22,90,100,7,0.5,0,1,1,0,2.5,0,1,1,0,4,0,2,11,,11.67,53.1,1,0,64.34,57.6,10,100,100,50,100,100,74.83,70.6,64.1,19.33,19,14.67,92.92,150,87.54,150,99.7,67.5,67.5,67.5,67.5,81.96,81.96,81.96,81.96,74.83,74.83,74.83,74.83,70.6,70.6,70.6,70.6,64.1,64.1,64.1,64.1,77.33,77.33,77.33,77.33,76,76,76,76,58.68,58.68,58.68,58.68,92.92,92.92,92.92,92.92,150,150,150,150,87.54,87.54,87.54,87.54,150,150,150,150,99.7,99.7,99.7,99.7,78.12,78.12,78.12,78.12
24,23,90,100,3,0,0,1,0,0,1,0,1,0,0,3,0,2,11,,14.4,37.85,0,1,58.5,59.26,10,100,100,50,100,100,67.5,71.27,48.85,11.83,22.5,18.9,89.62,62.5,85.19,100,100.6,35,35,35,35,81.37,81.37,81.37,81.37,67.5,67.5,67.5,67.5,71.27,71.27,71.27,71.27,48.85,48.85,48.85,48.85,47.33,47.33,47.33,47.33,90,90,90,90,75.6,75.6,75.6,75.6,89.62,89.62,89.62,89.62,62.5,62.5,62.5,62.5,85.19,85.19,85.19,85.19,100,100,100,100,100.6,100.6,100.6,100.6,70.7,70.7,70.7,70.7
25,24,70.83,0,6,0.5,0,1,0,1,3.5,0,1,0,0,1,0,0,0,,15.93,50.83,0,0,88.67,82.27,0,79.17,100,75,100,0,100.17,92.27,50.83,25,24,18.93,97.4,150,67.48,150,10,47.5,47.5,47.5,47.5,73.96,73.96,73.96,73.96,100.17,100.17,100.17,100.17,92.27,92.27,92.27,92.27,50.83,50.83,50.83,50.83,100,100,100,100,96,96,96,96,75.72,75.72,75.72,75.72,97.4,97.4,97.4,97.4,150,150,150,150,67.48,67.48,67.48,67.48,150,150,150,150,10,10,10,10,80.48,80.48,80.48,80.48
26,25,51.39,77.78,5,0,1,0,0,0,1,0,0,1,1,1,0,0,12,,15.87,75.29,1,0,61.66,55.94,10,79.17,50,0,50,50,70.67,65.93,87.3,24,15.5,18.87,94.87,100,77.84,100,92,40,40,40,40,50.25,50.25,50.25,50.25,70.67,70.67,70.67,70.67,65.93,65.93,65.93,65.93,87.3,87.3,87.3,87.3,96,96,96,96,62,62,62,62,75.48,75.48,75.48,75.48,94.87,94.87,94.87,94.87,100,100,100,100,77.84,77.84,77.84,77.84,100,100,100,100,92,92,92,92,78.98,78.98,78.98,78.98
27,26,47.78,55.56,6,0,0,0,0,0,0,0,0,0,0,0,0,0,8,,20,49.46,0,0,46.87,39.27,8,33.33,50,50,50,0,54.7,48.27,57.47,15.8,21,23,75.81,0,77.88,62.5,99.4,30,30,30,30,39.08,39.08,39.08,39.08,54.7,54.7,54.7,54.7,48.27,48.27,48.27,48.27,57.47,57.47,57.47,57.47,63.2,63.2,63.2,63.2,84,84,84,84,92,92,92,92,75.81,75.81,75.81,75.81,0,0,0,0,77.88,77.88,77.88,77.88,62.5,62.5,62.5,62.5,99.4,99.4,99.4,99.4,63.01,63.01,63.01,63.01
28,27,77.22,11.11,7,0.5,1,1,0,0,2.5,1,1,1,1,5,0,2,11,,17.87,79,0,0,90,95.67,10,100,100,100,75,25,100.5,109.67,90,22.17,19,20.87,92.7,200,69.12,125,68.6,77.5,77.5,77.5,77.5,83.9,83.9,83.9,83.9,100.5,100.5,100.5,100.5,109.67,109.67,109.67,109.67,90,90,90,90,88.67,88.67,88.67,88.67,76,76,76,76,83.48,83.48,83.48,83.48,92.7,92.7,92.7,92.7,200,200,200,200,69.12,69.12,69.12,69.12,125,125,125,125,68.6,68.6,68.6,68.6,95.07,95.07,95.07,95.07
29,28,100,100,6,0,0,1,0,1,3,1,1.35,0.33,1,4.68,1,2,13,,21.4,92,0,1,87,69.67,10,100,100,100,100,100,98,83.3,105,24.17,23,24.4,95.42,100,97,62.5,98.1,73.42,73.42,73.42,73.42,93.9,93.9,93.9,93.9,98,98,98,98,83.3,83.3,83.3,83.3,105,105,105,105,96.68,96.68,96.68,96.68,92,92,92,92,97.6,97.6,97.6,97.6,95.42,95.42,95.42,95.42,100,100,100,100,97,97,97,97,62.5,62.5,62.5,62.5,98.1,98.1,98.1,98.1,95.16,95.16,95.16,95.16
30,29,100,100,5,1,1,1,1,1,5,0,1,1,1,3,1,1,14,,18.2,47.42,1,1,73.17,62.34,10,100,100,100,100,100,86.17,74.33,61.42,17.17,17.5,21.2,90.94,100,92.61,87.5,98.6,75,75,75,75,90.92,90.92,90.92,90.92,86.17,86.17,86.17,86.17,74.33,74.33,74.33,74.33,61.42,61.42,61.42,61.42,68.68,68.68,68.68,68.68,70,70,70,70,84.8,84.8,84.8,84.8,90.94,90.94,90.94,90.94,100,100,100,100,92.61,92.61,92.61,92.61,87.5,87.5,87.5,87.5,98.6,98.6,98.6,98.6,79.06,79.06,79.06,79.06
31,30,44.17,66.67,6,1,1,1,1,1,5,0,0,0,0,0,0,0,0,,23,89,0,0,83,92.8,0,87.5,16.67,0,50,100,96,101.8,89,25,27,26,98,150,97.41,137.5,100.6,55,55,55,55,60.56,60.56,60.56,60.56,96,96,96,96,101.8,101.8,101.8,101.8,89,89,89,89,100,100,100,100,108,108,108,108,104,104,104,104,98,98,98,98,150,150,150,150,97.41,97.41,97.41,97.41,137.5,137.5,137.5,137.5,100.6,100.6,100.6,100.6,99.43,99.43,99.43,99.43
32,31,90,100,6,1,1,0,0,1,3,1,0,1,0,3,0,1,12,,10.07,53.83,1,1,79.33,42.33,10,100,100,75,75,100,90.33,61.83,65.83,21.67,18,13.07,90.46,150,95.22,75,100.6,60,60,60,60,81.92,81.92,81.92,81.92,90.33,90.33,90.33,90.33,61.83,61.83,61.83,61.83,65.83,65.83,65.83,65.83,86.68,86.68,86.68,86.68,72,72,72,72,52.28,52.28,52.28,52.28,90.46,90.46,90.46,90.46,150,150,150,150,95.22,95.22,95.22,95.22,75,75,75,75,100.6,100.6,100.6,100.6,78.69,78.69,78.69,78.69
33,32,84.45,55.56,4,1,1,0,0,0,2,1,0.2,0.33,0,3.53,0,2,11,,21,71.83,1,0,79,84.33,10,100,66.67,100,100,100,89,102.86,82.83,19.33,24,24,93.66,87.5,68.17,150,68.6,47.67,47.67,47.67,47.67,90.14,90.14,90.14,90.14,89,89,89,89,102.86,102.86,102.86,102.86,82.83,82.83,82.83,82.83,77.33,77.33,77.33,77.33,96,96,96,96,96,96,96,96,93.66,93.66,93.66,93.66,87.5,87.5,87.5,87.5,68.17,68.17,68.17,68.17,150,150,150,150,68.6,68.6,68.6,68.6,89.28,89.28,89.28,89.28
34,33,90.56,77.78,7,1,1,0,0.5,1,3.5,1,0,0,0,2,0,1,10,,19.67,81.33,0,0,84.33,78.27,10,100,100,100,75,50,95.83,89.27,91.33,22.17,22,22.67,92.16,150,95.96,175,100.6,62.5,62.5,62.5,62.5,84.17,84.17,84.17,84.17,95.83,95.83,95.83,95.83,89.27,89.27,89.27,89.27,91.33,91.33,91.33,91.33,88.67,88.67,88.67,88.67,88,88,88,88,90.68,90.68,90.68,90.68,92.16,92.16,92.16,92.16,150,150,150,150,95.96,95.96,95.96,95.96,175,175,175,175,100.6,100.6,100.6,100.6,95.36,95.36,95.36,95.36
35,34,81.67,66.67,5,1,1,0,0,0,2,0,1.5,0,0,1.5,0,0,10,,16,42.17,0,0,76.33,60.13,10,100,66.67,75,100,100,86.33,70.63,52.17,18.67,23.5,19,91.62,150,91.79,87.5,95.3,42.5,42.5,42.5,42.5,82.84,82.84,82.84,82.84,86.33,86.33,86.33,86.33,70.63,70.63,70.63,70.63,52.17,52.17,52.17,52.17,74.68,74.68,74.68,74.68,94,94,94,94,76,76,76,76,91.62,91.62,91.62,91.62,150,150,150,150,91.79,91.79,91.79,91.79,87.5,87.5,87.5,87.5,95.3,95.3,95.3,95.3,78.32,78.32,78.32,78.32
36,35,95,100,7,1,1,1,1,1,5,0,1.25,1,1,4.25,1,2,14,,22.6,63.67,1,1,85.5,68.4,10,100,100,100,75,100,98.5,81.65,77.67,24.5,24.5,25.6,95.25,87.5,96.04,100,98.6,91.25,91.25,91.25,91.25,89.99,89.99,89.99,89.99,98.5,98.5,98.5,98.5,81.65,81.65,81.65,81.65,77.67,77.67,77.67,77.67,98,98,98,98,98,98,98,98,102.4,102.4,102.4,102.4,95.25,95.25,95.25,95.25,87.5,87.5,87.5,87.5,96.04,96.04,96.04,96.04,100,100,100,100,98.6,98.6,98.6,98.6,90.53,90.53,90.53,90.53
37,36,74.45,55.56,7,0,0,0,0,0,0,0,0.6,1,0,1.6,0,0,8,,6.67,38,1,1,78.9,69.5,6,100,66.67,50,100,0,86.9,80.1,46,22.67,20,9.67,92.82,200,89.35,150,97.1,43,43,43,43,66.35,66.35,66.35,66.35,86.9,86.9,86.9,86.9,80.1,80.1,80.1,80.1,46,46,46,46,90.67,90.67,90.67,90.67,80,80,80,80,38.68,38.68,38.68,38.68,92.82,92.82,92.82,92.82,200,200,200,200,89.35,89.35,89.35,89.35,150,150,150,150,97.1,97.1,97.1,97.1,79.62,79.62,79.62,79.62
38,37,100,100,7,1,1,0,0,0,2,0,2,1,0,5,1,2,1,,21,63.67,0,0,88.33,85.47,0,100,100,100,100,100,98.33,104.67,64.67,23,22,24,97.5,200,97.08,287.5,100.6,75,75,75,75,94.9,94.9,94.9,94.9,98.33,98.33,98.33,98.33,104.67,104.67,104.67,104.67,64.67,64.67,64.67,64.67,92,92,92,92,88,88,88,88,96,96,96,96,97.5,97.5,97.5,97.5,200,200,200,200,97.08,97.08,97.08,97.08,287.5,287.5,287.5,287.5,100.6,100.6,100.6,100.6,97.75,97.75,97.75,97.75
39,38,100,100,6,1,1,0,0,0,2,0,0.5,0,0,2.5,1,2,12,,16.27,47.67,1,0,53.67,59.46,10,100,100,100,100,100,63.67,70.97,59.67,18.17,24,19.27,91.96,87.5,89.72,87.5,98.5,57.5,57.5,57.5,57.5,87.76,87.76,87.76,87.76,63.67,63.67,63.67,63.67,70.97,70.97,70.97,70.97,59.67,59.67,59.67,59.67,72.67,72.67,72.67,72.67,96,96,96,96,77.08,77.08,77.08,77.08,91.96,91.96,91.96,91.96,87.5,87.5,87.5,87.5,89.72,89.72,89.72,89.72,87.5,87.5,87.5,87.5,98.5,98.5,98.5,98.5,74.26,74.26,74.26,74.26
40,39,79.72,77.78,6,0.5,0,1,0,1,2.5,0,1.5,0.33,1,3.83,1,2,13,,13.67,49.67,0,1,90.67,78.01,10,79.17,66.67,100,75,100,101.17,90.83,62.67,23,20,16.67,92.31,137.5,95.86,137.5,100.6,71.67,71.67,71.67,71.67,84.44,84.44,84.44,84.44,101.17,101.17,101.17,101.17,90.83,90.83,90.83,90.83,62.67,62.67,62.67,62.67,92,92,92,92,80,80,80,80,66.68,66.68,66.68,66.68,92.31,92.31,92.31,92.31,137.5,137.5,137.5,137.5,95.86,95.86,95.86,95.86,137.5,137.5,137.5,137.5,100.6,100.6,100.6,100.6,88.58,88.58,88.58,88.58
41,40,76.39,77.78,5,0,1,1,0,0,2,0,0.6,0,0,1.6,1,1,13,,6.67,36,1,1,59.67,48.43,10,54.17,100,50,100,100,69.67,67.53,49,15,12,9.67,93.02,37.5,88.79,87.5,90.3,48,48,48,48,73.56,73.56,73.56,73.56,69.67,69.67,69.67,69.67,67.53,67.53,67.53,67.53,49,49,49,49,60,60,60,60,48,48,48,48,38.68,38.68,38.68,38.68,93.02,93.02,93.02,93.02,37.5,37.5,37.5,37.5,88.79,88.79,88.79,88.79,87.5,87.5,87.5,87.5,90.3,90.3,90.3,90.3,66.12,66.12,66.12,66.12
42,41,88.89,77.78,4,0,0,1,0,0,1,1,1.75,1,0,5.75,0,2,11,,9.07,70.67,1,0,74.17,62.5,10,91.67,100,100,75,50,83.17,77.24,81.67,24,20.5,12.07,97.7,100,86.94,150,100.6,53.75,53.75,53.75,53.75,79.34,79.34,79.34,79.34,83.17,83.17,83.17,83.17,77.24,77.24,77.24,77.24,81.67,81.67,81.67,81.67,96,96,96,96,82,82,82,82,48.28,48.28,48.28,48.28,97.7,97.7,97.7,97.7,100,100,100,100,86.94,86.94,86.94,86.94,150,150,150,150,100.6,100.6,100.6,100.6,84.7,84.7,84.7,84.7
43,42,92.5,100,4,0.5,1,0,0,0,1.5,0,0,1,0,3,0,2,11,,14.4,63,1,0,84,71.93,10,87.5,100,75,100,100,93.5,83.93,74,19,23.5,17.4,94.96,150,90.02,137.5,100.6,42.5,42.5,42.5,42.5,88.51,88.51,88.51,88.51,93.5,93.5,93.5,93.5,83.93,83.93,83.93,83.93,74,74,74,74,76,76,76,76,94,94,94,94,69.6,69.6,69.6,69.6,94.96,94.96,94.96,94.96,150,150,150,150,90.02,90.02,90.02,90.02,137.5,137.5,137.5,137.5,100.6,100.6,100.6,100.6,88.01,88.01,88.01,88.01
44,43,71.95,55.56,6,0,0,0,0,1,1,1,0,0,0,1,0,0,10,,13.67,37.67,0,0,59.17,58.07,10,62.5,66.67,100,75,75,68.17,68.07,47.67,22.17,20.5,17.67,84.31,100,73.88,87.5,82.2,40,40,40,40,71.33,71.33,71.33,71.33,68.17,68.17,68.17,68.17,68.07,68.07,68.07,68.07,47.67,47.67,47.67,47.67,88.67,88.67,88.67,88.67,82,82,82,82,70.68,70.68,70.68,70.68,84.31,84.31,84.31,84.31,100,100,100,100,73.88,73.88,73.88,73.88,87.5,87.5,87.5,87.5,82.2,82.2,82.2,82.2,69.43,69.43,69.43,69.43
45,44,100,100,4,1,1,0,1,1,4,0,1,1,1,4,1,2,14,,16,40.84,1,1,78.9,57.6,10,100,100,100,100,100,90.9,76.6,54.83,19.3,22.5,19,96.94,150,93.91,237.5,100.6,70,70,70,70,91.06,91.06,91.06,91.06,90.9,90.9,90.9,90.9,76.6,76.6,76.6,76.6,54.83,54.83,54.83,54.83,77.2,77.2,77.2,77.2,90,90,90,90,76,76,76,76,96.94,96.94,96.94,96.94,150,150,150,150,93.91,93.91,93.91,93.91,237.5,237.5,237.5,237.5,100.6,100.6,100.6,100.6,84.78,84.78,84.78,84.78
46,45,31.94,22.22,6,0.5,0,0,0,0,0.5,0,1.75,0,0,3.75,0,2,10,,18.47,86.33,0,0,77.67,78.17,10,37.5,0,50,50,50,86.17,90.92,96.33,24.5,21,21.47,90.7,150,97.55,87.5,94.6,51.25,51.25,51.25,51.25,49.77,49.77,49.77,49.77,86.17,86.17,86.17,86.17,90.92,90.92,90.92,90.92,96.33,96.33,96.33,96.33,98,98,98,98,84,84,84,84,85.88,85.88,85.88,85.88,90.7,90.7,90.7,90.7,150,150,150,150,97.55,97.55,97.55,97.55,87.5,87.5,87.5,87.5,94.6,94.6,94.6,94.6,92.63,92.63,92.63,92.63
47,46,5,0,5.67,0,0,0,0,0,0,0,0,0,0,0,0,0,10,,8.87,47.75,0,0,56.17,43.6,10,25,0,0,0,0,64.17,52.6,57.75,19.33,19,11.87,95.94,150,77.41,0,80,28.33,28.33,28.33,28.33,18.98,18.98,18.98,18.98,64.17,64.17,64.17,64.17,52.6,52.6,52.6,52.6,57.75,57.75,57.75,57.75,77.33,77.33,77.33,77.33,76,76,76,76,47.48,47.48,47.48,47.48,95.94,95.94,95.94,95.94,150,150,150,150,77.41,77.41,77.41,77.41,0,0,0,0,80,80,80,80,65.68,65.68,65.68,65.68
48,47,94.44,88.89,6,1,1,0,0,1,3,0,1,1,0,4,0,2,7,,15.5,51.83,1,0,61.17,65.27,6,100,83.33,100,100,100,72.17,78.27,58.83,24,22,18.5,93.96,87.5,89.17,87.5,88.1,65,65,65,65,86.73,86.73,86.73,86.73,72.17,72.17,72.17,72.17,78.27,78.27,78.27,78.27,58.83,58.83,58.83,58.83,96,96,96,96,88,88,88,88,74,74,74,74,93.96,93.96,93.96,93.96,87.5,87.5,87.5,87.5,89.17,89.17,89.17,89.17,87.5,87.5,87.5,87.5,88.1,88.1,88.1,88.1,77.24,77.24,77.24,77.24
49,48,31.11,55.56,6,0,0,0,0,0,0,0,0,0,0,0,0,0,10,,11,45.5,0,0,85.67,57.33,10,50,0,0,50,100,93.67,74.33,55.5,21,22.5,15,93.94,100,93.11,137.5,100.6,30,30,30,30,49.72,49.72,49.72,49.72,93.67,93.67,93.67,93.67,74.33,74.33,74.33,74.33,55.5,55.5,55.5,55.5,84,84,84,84,90,90,90,90,60,60,60,60,93.94,93.94,93.94,93.94,100,100,100,100,93.11,93.11,93.11,93.11,137.5,137.5,137.5,137.5,100.6,100.6,100.6,100.6,81.29,81.29,81.29,81.29
50,49,87.78,55.56,6,1,1,0,1,0,3,0,2,1,0,5,1,2,1,,19.07,57,0,0,65.73,82.74,0,100,83.33,100,100,100,76.73,96.73,58,21.83,17.5,22.07,90.42,150,94.5,175,99.7,75,75,75,75,88.99,88.99,88.99,88.99,76.73,76.73,76.73,76.73,96.73,96.73,96.73,96.73,58,58,58,58,87.32,87.32,87.32,87.32,70,70,70,70,88.28,88.28,88.28,88.28,90.42,90.42,90.42,90.42,150,150,150,150,94.5,94.5,94.5,94.5,175,175,175,175,99.7,99.7,99.7,99.7,85,85,85,85
51,50,35.83,0,6.67,0,1,0,1,0,2,0,0,0,0,0,0,0,0,,4,35.17,0,0,74,65.17,0,62.5,66.67,50,0,0,84,74.17,35.17,13.33,18.5,7,94,87.5,94.81,125,100,43.33,43.33,43.33,43.33,44.84,44.84,44.84,44.84,84,84,84,84,74.17,74.17,74.17,74.17,35.17,35.17,35.17,35.17,53.33,53.33,53.33,53.33,74,74,74,74,28,28,28,28,94,94,94,94,87.5,87.5,87.5,87.5,94.81,94.81,94.81,94.81,125,125,125,125,100,100,100,100,70.9,70.9,70.9,70.9
52,51,24.44,22.22,7,1,0,0,0,0,1,0,0,0,0,0,1,0,11,,21.47,79.83,0,0,87,76.47,10,66.67,33.33,0,0,50,96,85.47,90.83,22.83,23.5,24.47,92.01,100,92.77,100,95.8,45,45,45,45,45.56,45.56,45.56,45.56,96,96,96,96,85.47,85.47,85.47,85.47,90.83,90.83,90.83,90.83,91.32,91.32,91.32,91.32,94,94,94,94,97.88,97.88,97.88,97.88,92.01,92.01,92.01,92.01,100,100,100,100,92.77,92.77,92.77,92.77,100,100,100,100,95.8,95.8,95.8,95.8,92.26,92.26,92.26,92.26
53,52,57.5,33.33,6,0,0,0,0,0,0,1,0,0,0,2,0,1,9.5,,25,67.07,0,0,87,67.93,9.5,87.5,66.67,100,0,0,95,78.93,76.57,22,26,28,97.41,100,89.82,87.5,94.6,40,40,40,40,58.96,58.96,58.96,58.96,95,95,95,95,78.93,78.93,78.93,78.93,76.57,76.57,76.57,76.57,88,88,88,88,104,104,104,104,112,112,112,112,97.41,97.41,97.41,97.41,100,100,100,100,89.82,89.82,89.82,89.82,87.5,87.5,87.5,87.5,94.6,94.6,94.6,94.6,88.78,88.78,88.78,88.78
54,53,93.33,66.67,6,1,1,1,1,1,5,1,1.5,1,1,5.5,0,2,12,,25,72.97,1,0,85.83,87.93,10,100,100,100,100,100,98.83,102.43,84.97,24.17,27,28,93.46,200,94.13,87.5,98.6,87.5,87.5,87.5,87.5,96.3,96.3,96.3,96.3,98.83,98.83,98.83,98.83,102.43,102.43,102.43,102.43,84.97,84.97,84.97,84.97,96.68,96.68,96.68,96.68,108,108,108,108,112,112,112,112,93.46,93.46,93.46,93.46,200,200,200,200,94.13,94.13,94.13,94.13,87.5,87.5,87.5,87.5,98.6,98.6,98.6,98.6,98.86,98.86,98.86,98.86
55,54,69.44,88.89,6,0,0,0,0,0,0,1,0,0,0,1,0,0,10,,22,40,0,0,39.83,66.54,10,33.33,50,100,75,50,47.83,76.53,50,17,16.5,25,79.26,100,86.88,75,97.4,35,35,35,35,59.82,59.82,59.82,59.82,47.83,47.83,47.83,47.83,76.53,76.53,76.53,76.53,50,50,50,50,68,68,68,68,66,66,66,66,100,100,100,100,79.26,79.26,79.26,79.26,100,100,100,100,86.88,86.88,86.88,86.88,75,75,75,75,97.4,97.4,97.4,97.4,68.52,68.52,68.52,68.52
56,55,77.5,66.67,7,0.5,1,0,0,1,2.5,1,1,1,1,5,1,2,12,,10.67,63.57,0,0,81,79.13,10,62.5,83.33,100,75,75,91.5,93.13,75.57,17.67,27,13.67,95.71,50,95.88,75,99.1,82.5,82.5,82.5,82.5,79.71,79.71,79.71,79.71,91.5,91.5,91.5,91.5,93.13,93.13,93.13,93.13,75.57,75.57,75.57,75.57,70.68,70.68,70.68,70.68,108,108,108,108,54.68,54.68,54.68,54.68,95.71,95.71,95.71,95.71,50,50,50,50,95.88,95.88,95.88,95.88,75,75,75,75,99.1,99.1,99.1,99.1,86.56,86.56,86.56,86.56
57,56,80,66.67,6,0,1,1,0,0,2,0,0,0,0,1,0,1,10,,4.33,57.33,0,0,68.67,86.17,10,91.67,66.67,75,100,50,78.67,96.17,67.33,22.67,22,7.33,96.1,100,95,75,98.6,45,45,45,45,77.21,77.21,77.21,77.21,78.67,78.67,78.67,78.67,96.17,96.17,96.17,96.17,67.33,67.33,67.33,67.33,90.67,90.67,90.67,90.67,88,88,88,88,29.32,29.32,29.32,29.32,96.1,96.1,96.1,96.1,100,100,100,100,95,95,95,95,75,75,75,75,98.6,98.6,98.6,98.6,82.61,82.61,82.61,82.61
58,57,58.61,22.22,5,1,0,1,0,1,3,0,0,1,0,1,0,0,10,,17.27,55,0,0,75,43.93,10,62.5,83.33,100,25,0,86,53.93,65,21,18,20.27,93.22,100,90.2,75,94.7,45,45,45,45,56.3,56.3,56.3,56.3,86,86,86,86,53.93,53.93,53.93,53.93,65,65,65,65,84,84,84,84,72,72,72,72,81.08,81.08,81.08,81.08,93.22,93.22,93.22,93.22,100,100,100,100,90.2,90.2,90.2,90.2,75,75,75,75,94.7,94.7,94.7,94.7,75.81,75.81,75.81,75.81
59,58,0,0,6,0,0,0,0,0,0,0,0,0,0,0,0,0,0,,0,0,0,0,64,0,0,0,0,0,0,0,72,0,0,25,0,0,35.11,25,17.71,0,0,30,30,30,30,9.01,9.01,9.01,9.01,72,72,72,72,0,0,0,0,0,0,0,0,100,100,100,100,0,0,0,0,0,0,0,0,35.11,35.11,35.11,35.11,25,25,25,25,17.71,17.71,17.71,17.71,0,0,0,0,0,0,0,0,23.6,23.6,23.6,23.6
60,59,85.56,77.78,5,0,1,0,0,1,2,1,0,0.67,1,2.67,0,1,12,,12.07,34.33,0,1,31.5,52.34,10,100,100,100,50,100,41.5,64,46.33,21.67,20.5,15.07,92,100,85.81,237.5,97.6,53.33,53.33,53.33,53.33,76.6,76.6,76.6,76.6,41.5,41.5,41.5,41.5,64,64,64,64,46.33,46.33,46.33,46.33,86.67,86.67,86.67,86.67,82,82,82,82,60.28,60.28,60.28,60.28,92,92,92,92,100,100,100,100,85.81,85.81,85.81,85.81,237.5,237.5,237.5,237.5,97.6,97.6,97.6,97.6,67.84,67.84,67.84,67.84
61,60,100,100,5,0.5,1,1,0,1,3.5,0,0,1,0,3,1,2,13,,18,65.08,1,1,83.17,77.14,10,100,100,100,100,100,94.67,89.13,78.08,22.17,20.5,24.5,94.76,150,98.12,87.5,99.1,62.5,62.5,62.5,62.5,94.41,94.41,94.41,94.41,94.67,94.67,94.67,94.67,89.13,89.13,89.13,89.13,78.08,78.08,78.08,78.08,88.68,88.68,88.68,88.68,82,82,82,82,98,98,98,98,94.76,94.76,94.76,94.76,150,150,150,150,98.12,98.12,98.12,98.12,87.5,87.5,87.5,87.5,99.1,99.1,99.1,99.1,91,91,91,91
62,61,73.33,100,5,0,0,0,0,0,0,0,1,0,0,3,1,2,13,,18,70.33,1,1,91,69.17,10,50,66.67,50,100,100,99,81.17,83.33,21.67,27,21,93.32,100,89,100,96.8,45,45,45,45,75.61,75.61,75.61,75.61,99,99,99,99,81.17,81.17,81.17,81.17,83.33,83.33,83.33,83.33,86.67,86.67,86.67,86.67,108,108,108,108,84,84,84,84,93.32,93.32,93.32,93.32,100,100,100,100,89,89,89,89,100,100,100,100,96.8,96.8,96.8,96.8,90.17,90.17,90.17,90.17
63,62,56.11,22.22,5,0,0,0,1,0,1,0,1,1,0,3,0,1,10,,9.07,23.83,0,0,58,62.13,10,25,33.33,100,100,50,67,74.13,33.83,9,9.5,12.07,91.26,100,89.56,125,100.6,45,45,45,45,61.76,61.76,61.76,61.76,67,67,67,67,74.13,74.13,74.13,74.13,33.83,33.83,33.83,33.83,36,36,36,36,38,38,38,38,48.28,48.28,48.28,48.28,91.26,91.26,91.26,91.26,100,100,100,100,89.56,89.56,89.56,89.56,125,125,125,125,100.6,100.6,100.6,100.6,65.31,65.31,65.31,65.31
64,63,81.67,33.33,6,1,0,1,0,1,3,1,1.3,1,0,5.3,1,2,11,,5.6,39.5,0,0,81.33,67.33,10,100,100,100,75,75,92.33,87.63,50.5,21.67,18,8.6,93.94,150,88.24,237.5,83.6,76.5,76.5,76.5,76.5,85.73,85.73,85.73,85.73,92.33,92.33,92.33,92.33,87.63,87.63,87.63,87.63,50.5,50.5,50.5,50.5,86.67,86.67,86.67,86.67,72,72,72,72,34.4,34.4,34.4,34.4,93.94,93.94,93.94,93.94,150,150,150,150,88.24,88.24,88.24,88.24,237.5,237.5,237.5,237.5,83.6,83.6,83.6,83.6,82.1,82.1,82.1,82.1
65,64,87.5,100,4.67,0.5,1,0,0,0,1.5,0,0,0,0,1,1,1,13,,4.33,21.42,1,1,83.67,62.4,10,87.5,100,100,50,100,93.17,68.4,34.42,12.17,19.5,8.33,90.02,62.5,89.1,150,93.6,40.83,40.83,40.83,40.83,83.6,83.6,83.6,83.6,93.17,93.17,93.17,93.17,68.4,68.4,68.4,68.4,34.42,34.42,34.42,34.42,48.67,48.67,48.67,48.67,78,78,78,78,33.32,33.32,33.32,33.32,90.02,90.02,90.02,90.02,62.5,62.5,62.5,62.5,89.1,89.1,89.1,89.1,150,150,150,150,93.6,93.6,93.6,93.6,70.54,70.54,70.54,70.54
66,65,26.67,0,7,1,1,0,0.5,0,2.5,0,0.25,0,1,0.25,0,0,11,,16,66.33,0,0,73.17,59.93,10,75,33.33,0,25,0,83.67,69.18,77.33,24.5,21.5,19,95,100,90.27,87.5,100.3,53.75,53.75,53.75,53.75,38.93,38.93,38.93,38.93,83.67,83.67,83.67,83.67,69.18,69.18,69.18,69.18,77.33,77.33,77.33,77.33,98,98,98,98,86,86,86,86,76,76,76,76,95,95,95,95,100,100,100,100,90.27,90.27,90.27,90.27,87.5,87.5,87.5,87.5,100.3,100.3,100.3,100.3,82.78,82.78,82.78,82.78
67,66,0,0,5,1,0,0,0.5,0,1.5,0,1,1,0,2,1,0,12,,13.2,36.25,1,0,67.67,43.2,10,0,0,0,0,0,77.17,54.2,48.25,19.33,17.5,16.2,83.72,50,91.27,87.5,92.1,47.5,47.5,47.5,47.5,17.02,17.02,17.02,17.02,77.17,77.17,77.17,77.17,54.2,54.2,54.2,54.2,48.25,48.25,48.25,48.25,77.33,77.33,77.33,77.33,70,70,70,70,64.8,64.8,64.8,64.8,83.72,83.72,83.72,83.72,50,50,50,50,91.27,91.27,91.27,91.27,87.5,87.5,87.5,87.5,92.1,92.1,92.1,92.1,67.98,67.98,67.98,67.98
68,67,86.94,88.89,7,0.5,1,1,0,1,3.5,0,1.75,0,0,3.75,1,2,13,,19.07,50.5,1,1,84.23,85.17,10,87.5,83.33,75,100,100,95.73,97.92,63.5,23.67,23,22.07,90.31,100,90.43,62.5,100.6,76.25,76.25,76.25,76.25,88.06,88.06,88.06,88.06,95.73,95.73,95.73,95.73,97.92,97.92,97.92,97.92,63.5,63.5,63.5,63.5,94.68,94.68,94.68,94.68,92,92,92,92,88.28,88.28,88.28,88.28,90.31,90.31,90.31,90.31,100,100,100,100,90.43,90.43,90.43,90.43,62.5,62.5,62.5,62.5,100.6,100.6,100.6,100.6,88.12,88.12,88.12,88.12
69,68,7.5,0,7,0.5,1,0,0,0,1.5,0,0,0,0,0,0,0,10,,14.67,42.5,0,0,47.5,74,10,37.5,0,0,0,0,57,83,52.5,21.67,12.5,17.67,63.86,87.5,39.55,12.5,85.8,42.5,42.5,42.5,42.5,23.8,23.8,23.8,23.8,57,57,57,57,83,83,83,83,52.5,52.5,52.5,52.5,86.67,86.67,86.67,86.67,50,50,50,50,70.68,70.68,70.68,70.68,63.86,63.86,63.86,63.86,87.5,87.5,87.5,87.5,39.55,39.55,39.55,39.55,12.5,12.5,12.5,12.5,85.8,85.8,85.8,85.8,64.11,64.11,64.11,64.11
70,69,73.33,66.67,5.67,0.5,1,0,0,0,1.5,0,0,0,1,2,0,2,12,,11.4,61.83,1,0,73.07,79.27,10,100,100,50,50,100,82.57,90.27,73.83,25,24,14.4,92.76,150,97.22,87.5,100.6,50.83,50.83,50.83,50.83,79.2,79.2,79.2,79.2,82.57,82.57,82.57,82.57,90.27,90.27,90.27,90.27,73.83,73.83,73.83,73.83,100,100,100,100,96,96,96,96,57.6,57.6,57.6,57.6,92.76,92.76,92.76,92.76,150,150,150,150,97.22,97.22,97.22,97.22,87.5,87.5,87.5,87.5,100.6,100.6,100.6,100.6,87.1,87.1,87.1,87.1
71,70,86.11,88.89,5.67,1,1,0,0,0,2,0,1.5,0,1,3.5,0,2,12,,21,75.33,1,0,83.34,87.13,10,75,66.67,100,100,100,93.33,99.63,87.33,21.17,22,24,100,150,95.02,137.5,93.7,60.83,60.83,60.83,60.83,87.63,87.63,87.63,87.63,93.33,93.33,93.33,93.33,99.63,99.63,99.63,99.63,87.33,87.33,87.33,87.33,84.68,84.68,84.68,84.68,88,88,88,88,96,96,96,96,100,100,100,100,150,150,150,150,95.02,95.02,95.02,95.02,137.5,137.5,137.5,137.5,93.7,93.7,93.7,93.7,95.45,95.45,95.45,95.45
72,71,0,0,7,0,0,0,0,0,0,0,0,0,0,0,0,0,10,,19,59.67,0,0,79.67,75.93,10,0,0,0,0,0,87.67,84.93,69.67,21.5,24,22,95.16,100,91.45,100,97.6,35,35,35,35,23.32,23.32,23.32,23.32,87.67,87.67,87.67,87.67,84.93,84.93,84.93,84.93,69.67,69.67,69.67,69.67,86,86,86,86,96,96,96,96,88,88,88,88,95.16,95.16,95.16,95.16,100,100,100,100,91.45,91.45,91.45,91.45,100,100,100,100,97.6,97.6,97.6,97.6,85.85,85.85,85.85,85.85
73,72,37.5,33.33,5,1,1,0,0,0,2,0,1.25,0,0,1.25,0,0,11,,6.33,48.63,1,0,53.33,39.67,10,29.17,0,25,100,25,63.33,49.92,59.63,8.83,11,9.33,30.86,75,98.01,87.5,82.6,41.25,41.25,41.25,41.25,39.74,39.74,39.74,39.74,63.33,63.33,63.33,63.33,49.92,49.92,49.92,49.92,59.63,59.63,59.63,59.63,35.33,35.33,35.33,35.33,44,44,44,44,37.32,37.32,37.32,37.32,30.86,30.86,30.86,30.86,75,75,75,75,98.01,98.01,98.01,98.01,87.5,87.5,87.5,87.5,82.6,82.6,82.6,82.6,58.46,58.46,58.46,58.46
74,73,15.83,0,7,0,0,0,0,0,0,0,0,0,0,0,0,0,0,,11.27,45.83,0,0,44,65.6,0,62.5,16.67,0,0,0,52,74.6,45.83,0,17.5,14.27,96.94,100,93.08,87.5,90.6,35,35,35,35,26.59,26.59,26.59,26.59,52,52,52,52,74.6,74.6,74.6,74.6,45.83,45.83,45.83,45.83,0,0,0,0,70,70,70,70,57.08,57.08,57.08,57.08,96.94,96.94,96.94,96.94,100,100,100,100,93.08,93.08,93.08,93.08,87.5,87.5,87.5,87.5,90.6,90.6,90.6,90.6,64.23,64.23,64.23,64.23
75,74,83.89,44.44,6,0,1,0,0,1,2,1,1,0,0,2,0,0,11,,14.67,26.83,1,0,80,44.6,10,100,100,75,100,50,90,66.2,37.83,24.5,21,17.67,94.21,150,84.21,125,94.2,50,50,50,50,78.82,78.82,78.82,78.82,90,90,90,90,66.2,66.2,66.2,66.2,37.83,37.83,37.83,37.83,98,98,98,98,84,84,84,84,70.68,70.68,70.68,70.68,94.21,94.21,94.21,94.21,150,150,150,150,84.21,84.21,84.21,84.21,125,125,125,125,94.2,94.2,94.2,94.2,76.02,76.02,76.02,76.02
76,75,88.06,77.78,7,0,1,1,0,0,2,0,1.5,0.33,1,2.83,1,1,14,,22.6,71.03,1,1,92.67,78.47,10,87.5,100,100,75,100,102.67,90.3,85.03,19.67,17.5,25.6,92.56,150,97.16,75,100.6,69.17,69.17,69.17,69.17,90.65,90.65,90.65,90.65,102.67,102.67,102.67,102.67,90.3,90.3,90.3,90.3,85.03,85.03,85.03,85.03,78.68,78.68,78.68,78.68,70,70,70,70,102.4,102.4,102.4,102.4,92.56,92.56,92.56,92.56,150,150,150,150,97.16,97.16,97.16,97.16,75,75,75,75,100.6,100.6,100.6,100.6,92.98,92.98,92.98,92.98
77,76,100,100,5,0.5,0,1,1,1,3.5,1,0.4,1,0,4.4,1,2,11,,19.2,49.67,0,0,90.84,77.27,10,100,100,100,100,100,102.33,90.67,60.67,22.67,24.5,22.2,90.62,75,88,87.5,100.6,69.5,69.5,69.5,69.5,95.51,95.51,95.51,95.51,102.33,102.33,102.33,102.33,90.67,90.67,90.67,90.67,60.67,60.67,60.67,60.67,90.68,90.68,90.68,90.68,98,98,98,98,88.8,88.8,88.8,88.8,90.62,90.62,90.62,90.62,75,75,75,75,88,88,88,88,87.5,87.5,87.5,87.5,100.6,100.6,100.6,100.6,87.4,87.4,87.4,87.4
78,77,80.83,66.67,5,0.5,1,0,0,1,2.5,0,0,0,1,2,1,2,12,,14,37,0,0,58,53.63,10,87.5,100,100,50,100,68.5,64.63,49,17.83,20,17,91.62,87.5,85.87,100,95.9,57.5,57.5,57.5,57.5,78.75,78.75,78.75,78.75,68.5,68.5,68.5,68.5,64.63,64.63,64.63,64.63,49,49,49,49,71.32,71.32,71.32,71.32,80,80,80,80,68,68,68,68,91.62,91.62,91.62,91.62,87.5,87.5,87.5,87.5,85.87,85.87,85.87,85.87,100,100,100,100,95.9,95.9,95.9,95.9,70.28,70.28,70.28,70.28
79,78,39.17,0,7,0,0,0,1,1,2,0,0,0,0,2,0,2,6,,0,23.17,0,0,68.67,38.67,6,87.5,83.33,25,0,0,78.67,49.67,29.17,19.67,49.5,0,94.92,87.5,91.39,87.5,99.14,55,55,55,55,43.54,43.54,43.54,43.54,78.67,78.67,78.67,78.67,49.67,49.67,49.67,49.67,29.17,29.17,29.17,29.17,78.67,78.67,78.67,78.67,198,198,198,198,0,0,0,0,94.92,94.92,94.92,94.92,87.5,87.5,87.5,87.5,91.39,91.39,91.39,91.39,87.5,87.5,87.5,87.5,99.14,99.14,99.14,99.14,68.82,68.82,68.82,68.82
80,79,65.56,77.78,7,0.5,1,1,0,0,2.5,0,0,0,0,0,0,0,11,,11.07,57.33,0,1,82.5,48.81,10,75,100,50,25,100,93,57.8,68.33,24.5,23,18.07,95.56,100,95.67,75,98.6,47.5,47.5,47.5,47.5,69.2,69.2,69.2,69.2,93,93,93,93,57.8,57.8,57.8,57.8,68.33,68.33,68.33,68.33,98,98,98,98,92,92,92,92,72.28,72.28,72.28,72.28,95.56,95.56,95.56,95.56,100,100,100,100,95.67,95.67,95.67,95.67,75,75,75,75,98.6,98.6,98.6,98.6,80.73,80.73,80.73,80.73
81,80,92.5,100,6,0,1,0,1,0,2,1,1,1,1,5,1,2,14,,19.6,63.17,1,1,80,81.16,10,87.5,100,100,75,100,90,95.16,77.17,21,26,22.6,94.47,62.5,90.39,75,100.6,75,75,75,75,89.25,89.25,89.25,89.25,90,90,90,90,95.16,95.16,95.16,95.16,77.17,77.17,77.17,77.17,84,84,84,84,104,104,104,104,90.4,90.4,90.4,90.4,94.47,94.47,94.47,94.47,62.5,62.5,62.5,62.5,90.39,90.39,90.39,90.39,75,75,75,75,100.6,100.6,100.6,100.6,89.12,89.12,89.12,89.12
82,81,87.78,88.89,6,0,0,0,0,0,0,0,0,0,0,2,0,2,10,,17.9,59.01,0,0,55.5,77.07,10,91.67,83.33,100,75,75,63.5,88.07,69,25,22,20.9,93.32,100,91.67,87.5,94.6,40,40,40,40,79.94,79.94,79.94,79.94,63.5,63.5,63.5,63.5,88.07,88.07,88.07,88.07,69,69,69,69,100,100,100,100,88,88,88,88,83.6,83.6,83.6,83.6,93.32,93.32,93.32,93.32,100,100,100,100,91.67,91.67,91.67,91.67,87.5,87.5,87.5,87.5,94.6,94.6,94.6,94.6,81.02,81.02,81.02,81.02
83,82,91.67,100,5,1,1,0,0,0,2,0,0.5,0,0,2.5,1,2,11,,12.67,22.5,0,0,44.7,59.33,10,75,83.33,100,100,100,61.7,70.83,33.5,19.33,12.5,15.67,92.92,100,91.19,100,100.6,52.5,52.5,52.5,52.5,80.61,80.61,80.61,80.61,61.7,61.7,61.7,61.7,70.83,70.83,70.83,70.83,33.5,33.5,33.5,33.5,77.32,77.32,77.32,77.32,50,50,50,50,62.68,62.68,62.68,62.68,92.92,92.92,92.92,92.92,100,100,100,100,91.19,91.19,91.19,91.19,100,100,100,100,100.6,100.6,100.6,100.6,66.64,66.64,66.64,66.64
84,83,61.39,77.78,6,0,1,0,0,0,1,0,0.5,0,1,0.5,0,0,12,,12.6,31.83,1,0,39.5,54.84,10,79.17,50,25,75,50,48.5,64.33,43.83,7.33,7,18.6,90.67,62.5,88.37,87.5,97.2,42.5,42.5,42.5,42.5,54.02,54.02,54.02,54.02,48.5,48.5,48.5,48.5,64.33,64.33,64.33,64.33,43.83,43.83,43.83,43.83,29.33,29.33,29.33,29.33,28,28,28,28,74.4,74.4,74.4,74.4,90.67,90.67,90.67,90.67,62.5,62.5,62.5,62.5,88.37,88.37,88.37,88.37,87.5,87.5,87.5,87.5,97.2,97.2,97.2,97.2,60.26,60.26,60.26,60.26
85,84,65,100,4,1,1,0,0,0,2,0,0,0,0,2,1,2,12,,17.9,57.08,0,1,76.67,62.93,10,75,0,100,50,100,86.67,73.93,69.08,18.83,22,20.9,90.71,150,93.66,175,96.8,45,45,45,45,66.84,66.84,66.84,66.84,86.67,86.67,86.67,86.67,73.93,73.93,73.93,73.93,69.08,69.08,69.08,69.08,75.32,75.32,75.32,75.32,88,88,88,88,83.6,83.6,83.6,83.6,90.71,90.71,90.71,90.71,150,150,150,150,93.66,93.66,93.66,93.66,175,175,175,175,96.8,96.8,96.8,96.8,84.46,84.46,84.46,84.46
86,85,86.11,55.56,7,0,1,0,1,1,3,0,2,0,0,4,0,2,10,,15,58.33,0,0,89.17,57.26,10,75,100,100,100,25,100.17,70.27,68.33,21.17,19,18,86.61,87.5,84.28,87.5,88.7,70,70,70,70,78.37,78.37,78.37,78.37,100.17,100.17,100.17,100.17,70.27,70.27,70.27,70.27,68.33,68.33,68.33,68.33,84.68,84.68,84.68,84.68,76,76,76,76,72,72,72,72,86.61,86.61,86.61,86.61,87.5,87.5,87.5,87.5,84.28,84.28,84.28,84.28,87.5,87.5,87.5,87.5,88.7,88.7,88.7,88.7,81.06,81.06,81.06,81.06
87,86,100,100,5,1,1,1,0,1,4,1,2,1,1,4,1,0,13,,23,82.67,1,0,77.67,88.5,10,100,100,100,100,100,89.67,101.5,95.67,22,18.5,26,93.17,62.5,89.04,200,100.6,75,75,75,75,95.24,95.24,95.24,95.24,89.67,89.67,89.67,89.67,101.5,101.5,101.5,101.5,95.67,95.67,95.67,95.67,88,88,88,88,74,74,74,74,104,104,104,104,93.17,93.17,93.17,93.17,62.5,62.5,62.5,62.5,89.04,89.04,89.04,89.04,200,200,200,200,100.6,100.6,100.6,100.6,95.71,95.71,95.71,95.71
88,87,48.33,0,6,0,0,0,0,0,0,0,0,0,0,0,0,0,10,,19,58.33,0,0,57,67.67,10,100,66.67,25,50,0,65,76.67,68.33,22.67,18,22,92.11,87.5,92.02,87.5,92,30,30,30,30,53.01,53.01,53.01,53.01,65,65,65,65,76.67,76.67,76.67,76.67,68.33,68.33,68.33,68.33,90.67,90.67,90.67,90.67,72,72,72,72,88,88,88,88,92.11,92.11,92.11,92.11,87.5,87.5,87.5,87.5,92.02,92.02,92.02,92.02,87.5,87.5,87.5,87.5,92,92,92,92,77.36,77.36,77.36,77.36
89,88,76.39,77.78,5,1,0,0,0,0,1,0,0,0,0,0,0,0,8,,14.6,31,0,0,59.5,62.33,8,62.5,66.67,75,100,100,68.5,71.33,39,20.33,19.5,17.6,92.61,150,91.42,87.5,98.2,30,30,30,30,75.21,75.21,75.21,75.21,68.5,68.5,68.5,68.5,71.33,71.33,71.33,71.33,39,39,39,39,81.33,81.33,81.33,81.33,78,78,78,78,70.4,70.4,70.4,70.4,92.61,92.61,92.61,92.61,150,150,150,150,91.42,91.42,91.42,91.42,87.5,87.5,87.5,87.5,98.2,98.2,98.2,98.2,71.76,71.76,71.76,71.76
90,89,76.11,77.78,5,0,0,0,1,1,2,0,0,0,1,1,0,1,13,,17.2,62.53,1,1,80.67,70.26,10,61.11,66.67,100,75,50,90.67,80.27,76.53,22.17,25.5,20.2,90.61,0,75.81,125,99.4,45,45,45,45,72.35,72.35,72.35,72.35,90.67,90.67,90.67,90.67,80.27,80.27,80.27,80.27,76.53,76.53,76.53,76.53,88.68,88.68,88.68,88.68,102,102,102,102,80.8,80.8,80.8,80.8,90.61,90.61,90.61,90.61,0,0,0,0,75.81,75.81,75.81,75.81,125,125,125,125,99.4,99.4,99.4,99.4,84.18,84.18,84.18,84.18
91,90,7.5,0,2,0,0,0,0,0,0,0,0,0,0,0,0,0,0,,25,91.08,0,0,93,94.47,0,37.5,0,0,0,0,101,103.47,91.08,22.67,23.5,28,97.16,200,95.72,87.5,98.6,10,10,10,10,31.69,31.69,31.69,31.69,101,101,101,101,103.47,103.47,103.47,103.47,91.08,91.08,91.08,91.08,90.67,90.67,90.67,90.67,94,94,94,94,112,112,112,112,97.16,97.16,97.16,97.16,200,200,200,200,95.72,95.72,95.72,95.72,87.5,87.5,87.5,87.5,98.6,98.6,98.6,98.6,100.1,100.1,100.1,100.1
92,91,100,100,6.67,0.5,0,0,0.5,0,2,0,0,0,0,1,0,1,11,,17.6,78.17,0,1,85.83,85,10,100,100,100,100,100,94.83,95,89.17,19.83,25,20.6,97.02,87.5,68.45,87.5,90.3,43.33,43.33,43.33,43.33,95.89,95.89,95.89,95.89,94.83,94.83,94.83,94.83,95,95,95,95,89.17,89.17,89.17,89.17,79.33,79.33,79.33,79.33,100,100,100,100,82.4,82.4,82.4,82.4,97.02,97.02,97.02,97.02,87.5,87.5,87.5,87.5,68.45,68.45,68.45,68.45,87.5,87.5,87.5,87.5,90.3,90.3,90.3,90.3,90.29,90.29,90.29,90.29
93,92,95.56,77.78,6,0.5,1,1,0.5,0,3,0,1,0,0,2,0,1,9.5,,12.67,48.75,0,1,86.6,72.27,8.5,100,100,100,100,50,97.6,82.27,58.25,17.83,25,15.67,96.41,150,94.33,137.5,100,55,55,55,55,86.95,86.95,86.95,86.95,97.6,97.6,97.6,97.6,82.27,82.27,82.27,82.27,58.25,58.25,58.25,58.25,71.32,71.32,71.32,71.32,100,100,100,100,62.68,62.68,62.68,62.68,96.41,96.41,96.41,96.41,150,150,150,150,94.33,94.33,94.33,94.33,137.5,137.5,137.5,137.5,100,100,100,100,85.43,85.43,85.43,85.43
94,93,100,100,6.67,0,0,0,0,1,2,0,1,1,0,4,0,2,11,,18,58.5,1,0,62.17,63.16,10,100,100,100,100,100,81.17,76.17,69.5,20.5,22,21,85.01,62.5,80.25,87.5,96.6,58.33,58.33,58.33,58.33,89.48,89.48,89.48,89.48,81.17,81.17,81.17,81.17,76.17,76.17,76.17,76.17,69.5,69.5,69.5,69.5,82,82,82,82,88,88,88,88,84,84,84,84,85.01,85.01,85.01,85.01,62.5,62.5,62.5,62.5,80.25,80.25,80.25,80.25,87.5,87.5,87.5,87.5,96.6,96.6,96.6,96.6,79.4,79.4,79.4,79.4
95,94,77.22,77.78,6,0.5,0,1,0,1,2.5,0,0,0,0,2,0,2,11,,17,52.5,1,0,55.33,71.07,10,91.67,66.67,100,50,100,65.83,82.07,66.5,16.5,20,22,96.94,150,94.28,87.5,98.6,52.5,52.5,52.5,52.5,76.72,76.72,76.72,76.72,65.83,65.83,65.83,65.83,82.07,82.07,82.07,82.07,66.5,66.5,66.5,66.5,66,66,66,66,80,80,80,80,88,88,88,88,96.94,96.94,96.94,96.94,150,150,150,150,94.28,94.28,94.28,94.28,87.5,87.5,87.5,87.5,98.6,98.6,98.6,98.6,79.62,79.62,79.62,79.62
96,95,48.06,11.11,7,0,0,0,0,1,1,0,0,0,0,0,0,0,6,,15,32.17,0,0,58.87,40.53,6,79.17,100,25,25,25,67.87,59.53,38.17,20.17,17.5,18,88.41,100,77.25,75,84.5,40,40,40,40,50.64,50.64,50.64,50.64,67.87,67.87,67.87,67.87,59.53,59.53,59.53,59.53,38.17,38.17,38.17,38.17,80.68,80.68,80.68,80.68,70,70,70,70,72,72,72,72,88.41,88.41,88.41,88.41,100,100,100,100,77.25,77.25,77.25,77.25,75,75,75,75,84.5,84.5,84.5,84.5,65.26,65.26,65.26,65.26
97,96,95,100,6,0,1,0,0,1,2,0,0.2,0,1,1.2,1,1,12,,21.4,78.8,1,0,69.6,50.4,9,100,100,100,75,100,79.6,60.6,97.8,18.33,22.5,26.4,94.56,87.5,93.88,87.5,100.6,56,56,56,56,85.07,85.07,85.07,85.07,79.6,79.6,79.6,79.6,60.6,60.6,60.6,60.6,97.8,97.8,97.8,97.8,73.32,73.32,73.32,73.32,90,90,90,90,105.6,105.6,105.6,105.6,94.56,94.56,94.56,94.56,87.5,87.5,87.5,87.5,93.88,93.88,93.88,93.88,87.5,87.5,87.5,87.5,100.6,100.6,100.6,100.6,84.78,84.78,84.78,84.78
98,97,10,0,5,0,0,0,0,0,0,0,0,0,0,0,0,0,10,,13.87,27.25,0,0,34.17,47.27,10,50,0,0,0,0,42.17,56.27,37.25,9,17.5,16.87,93.26,100,86.3,87.5,94.6,25,25,25,25,19.92,19.92,19.92,19.92,42.17,42.17,42.17,42.17,56.27,56.27,56.27,56.27,37.25,37.25,37.25,37.25,36,36,36,36,70,70,70,70,67.48,67.48,67.48,67.48,93.26,93.26,93.26,93.26,100,100,100,100,86.3,86.3,86.3,86.3,87.5,87.5,87.5,87.5,94.6,94.6,94.6,94.6,58.75,58.75,58.75,58.75
99,98,10,0,7,0,0,0,0,0,0,0,0,0,0,0,0,0,10,,16,63.58,0,0,87,69.6,10,50,0,0,0,0,95,78.6,73.58,0,23.5,19,90.32,62.5,96.65,100,90,35,35,35,35,30.51,30.51,30.51,30.51,95,95,95,95,78.6,78.6,78.6,78.6,73.58,73.58,73.58,73.58,0,0,0,0,94,94,94,94,76,76,76,76,90.32,90.32,90.32,90.32,62.5,62.5,62.5,62.5,96.65,96.65,96.65,96.65,100,100,100,100,90,90,90,90,80.57,80.57,80.57,80.57
100,99,100,100,6,1,1,0,0,0,2,0,1.5,1,1,4.5,1,2,14,,21,70.6,1,1,87.67,75.4,10,100,100,100,100,100,97.67,88.9,84.6,24,26,24,97.7,62.5,93.04,87.5,99.7,72.5,72.5,72.5,72.5,94.8,94.8,94.8,94.8,97.67,97.67,97.67,97.67,88.9,88.9,88.9,88.9,84.6,84.6,84.6,84.6,96,96,96,96,104,104,104,104,96,96,96,96,97.7,97.7,97.7,97.7,62.5,62.5,62.5,62.5,93.04,93.04,93.04,93.04,87.5,87.5,87.5,87.5,99.7,99.7,99.7,99.7,92.36,92.36,92.36,92.36
101,100,14.44,22.22,4,0,0,0,0,0,0,0,0,0,0,0,0,0,9.5,,11,67.72,0,0,95.67,81.47,9.5,33.33,16.67,0,0,0,103.67,90.47,77.22,21.17,21.5,14,93.11,87.5,96.88,87.5,83.8,20,20,20,20,33.33,33.33,33.33,33.33,103.67,103.67,103.67,103.67,90.47,90.47,90.47,90.47,77.22,77.22,77.22,77.22,84.67,84.67,84.67,84.67,86,86,86,86,56,56,56,56,93.11,93.11,93.11,93.11,87.5,87.5,87.5,87.5,96.88,96.88,96.88,96.88,87.5,87.5,87.5,87.5,83.8,83.8,83.8,83.8,88.27,88.27,88.27,88.27
102,101,0,0,4,0,0,0,0,0,0,0,0,0,0,0,0,0,6,,7.33,39.33,0,0,35.83,64,6,0,0,0,0,0,43.83,73,45.33,15.33,27,10.33,92.41,75,79.63,137.5,89.1,20,20,20,20,14.91,14.91,14.91,14.91,43.83,43.83,43.83,43.83,73,73,73,73,45.33,45.33,45.33,45.33,61.33,61.33,61.33,61.33,108,108,108,108,41.32,41.32,41.32,41.32,92.41,92.41,92.41,92.41,75,75,75,75,79.63,79.63,79.63,79.63,137.5,137.5,137.5,137.5,89.1,89.1,89.1,89.1,65.49,65.49,65.49,65.49
103,102,62.78,55.56,6,1,1,1,0,0,3,1,1,1,0,5,0,2,12,,21,61.33,1,1,88.67,81.17,10,41.67,66.67,75,75,50,99.67,95.17,73.33,19.83,20.5,24,96.86,100,96.12,87.5,100.6,70,70,70,70,68.76,68.76,68.76,68.76,99.67,99.67,99.67,99.67,95.17,95.17,95.17,95.17,73.33,73.33,73.33,73.33,79.33,79.33,79.33,79.33,82,82,82,82,96,96,96,96,96.86,96.86,96.86,96.86,100,100,100,100,96.12,96.12,96.12,96.12,87.5,87.5,87.5,87.5,100.6,100.6,100.6,100.6,90.8,90.8,90.8,90.8
104,103,66.11,22.22,7,0.5,0,1,1,0,2.5,1,0,0.33,0,3.33,1,2,11,,25,94,0,0,95.33,85,10,100,83.33,75,50,50,105.83,97.33,105,11.83,27,28,98.35,150,96.6,87.5,100.6,69.17,69.17,69.17,69.17,77.28,77.28,77.28,77.28,105.83,105.83,105.83,105.83,97.33,97.33,97.33,97.33,105,105,105,105,47.32,47.32,47.32,47.32,108,108,108,108,112,112,112,112,98.35,98.35,98.35,98.35,150,150,150,150,96.6,96.6,96.6,96.6,87.5,87.5,87.5,87.5,100.6,100.6,100.6,100.6,100.44,100.44,100.44,100.44
105,104,5,0,3,0,0,0,0,0,0,0,0,0,0,0,0,0,10,,15.6,49.25,0,0,45.67,49.93,10,25,0,0,0,0,53.67,58.93,59.25,18.5,11,18.6,88.76,37.5,82.45,137.5,97.6,15,15,15,15,18.39,18.39,18.39,18.39,53.67,53.67,53.67,53.67,58.93,58.93,58.93,58.93,59.25,59.25,59.25,59.25,74,74,74,74,44,44,44,44,74.4,74.4,74.4,74.4,88.76,88.76,88.76,88.76,37.5,37.5,37.5,37.5,82.45,82.45,82.45,82.45,137.5,137.5,137.5,137.5,97.6,97.6,97.6,97.6,66.31,66.31,66.31,66.31
106,105,16.67,0,6,1,0,0,0,0,1,0,0,0,0,0,0,0,0,,18.4,52.67,0,0,75,57.67,0,50,33.33,0,0,0,84,66.67,52.67,22.17,21.5,21.4,88.4,100,49.71,87.5,94.6,35,35,35,35,30.42,30.42,30.42,30.42,84,84,84,84,66.67,66.67,66.67,66.67,52.67,52.67,52.67,52.67,88.67,88.67,88.67,88.67,86,86,86,86,85.6,85.6,85.6,85.6,88.4,88.4,88.4,88.4,100,100,100,100,49.71,49.71,49.71,49.71,87.5,87.5,87.5,87.5,94.6,94.6,94.6,94.6,73.72,73.72,73.72,73.72
107,106,80,100,5,0.5,1,0,0,1,2.5,0,0.5,0,0,2.5,1,2,13,,18,45.67,1,1,55,57.73,10,100,100,50,50,100,65.5,69.23,66.67,14.67,18,21,87.96,62.5,89.16,62.5,98.6,55,55,55,55,73.62,73.62,73.62,73.62,65.5,65.5,65.5,65.5,69.23,69.23,69.23,69.23,66.67,66.67,66.67,66.67,58.68,58.68,58.68,58.68,72,72,72,72,84,84,84,84,87.96,87.96,87.96,87.96,62.5,62.5,62.5,62.5,89.16,89.16,89.16,89.16,62.5,62.5,62.5,62.5,98.6,98.6,98.6,98.6,72.81,72.81,72.81,72.81
108,107,100,100,4,1,0,1,0,1,3,1,1,1,1,5,1,2,14,,22,48.58,1,1,79.17,59.4,10,100,100,100,100,100,90.17,73.4,62.58,23.67,24.5,25,97.94,150,95.41,237.5,100.6,70,70,70,70,91.35,91.35,91.35,91.35,90.17,90.17,90.17,90.17,73.4,73.4,73.4,73.4,62.58,62.58,62.58,62.58,94.68,94.68,94.68,94.68,98,98,98,98,100,100,100,100,97.94,97.94,97.94,97.94,150,150,150,150,95.41,95.41,95.41,95.41,237.5,237.5,237.5,237.5,100.6,100.6,100.6,100.6,88.19,88.19,88.19,88.19
109,108,75,100,6,0,1,1,0,0,2,0,0,1,0,1,1,0,11,,17.07,64.5,1,1,81,72.87,8,75,100,50,50,100,91,82.87,75.5,20.17,14.5,20.07,92.01,100,96.32,137.5,96.1,50,50,50,50,75.62,75.62,75.62,75.62,91,91,91,91,82.87,82.87,82.87,82.87,75.5,75.5,75.5,75.5,80.67,80.67,80.67,80.67,58,58,58,58,80.28,80.28,80.28,80.28,92.01,92.01,92.01,92.01,100,100,100,100,96.32,96.32,96.32,96.32,137.5,137.5,137.5,137.5,96.1,96.1,96.1,96.1,85.48,85.48,85.48,85.48
110,109,90,100,6,1,1,1,0,1,4,1,0,1,0,4,0,2,12,,25,91.67,1,1,95,90.6,10,100,100,100,50,100,107,103.6,103.67,18.83,26,28,96.9,137.5,100.05,112.5,98.6,70,70,70,70,90.93,90.93,90.93,90.93,107,107,107,107,103.6,103.6,103.6,103.6,103.67,103.67,103.67,103.67,75.32,75.32,75.32,75.32,104,104,104,104,112,112,112,112,96.9,96.9,96.9,96.9,137.5,137.5,137.5,137.5,100.05,100.05,100.05,100.05,112.5,112.5,112.5,112.5,98.6,98.6,98.6,98.6,103.11,103.11,103.11,103.11
111,110,61.39,77.78,4,0,0,0,0,0,0,0,0,0,0,0,1,0,11,,9.07,47.58,0,0,42.67,31.07,10,62.5,66.67,100,0,75,50.67,40.07,58.58,11.83,22,12.07,95.42,200,90.22,125,100.6,25,25,25,25,54.63,54.63,54.63,54.63,50.67,50.67,50.67,50.67,40.07,40.07,40.07,40.07,58.58,58.58,58.58,58.58,47.33,47.33,47.33,47.33,88,88,88,88,48.28,48.28,48.28,48.28,95.42,95.42,95.42,95.42,200,200,200,200,90.22,90.22,90.22,90.22,125,125,125,125,100.6,100.6,100.6,100.6,65.58,65.58,65.58,65.58
112,111,67.56,77.78,5.33,0,1,0,0,0,1,0,0,0,0,0,1,0,11,,8.33,47.17,0,0,18.33,61.8,10,50,0,100,75,75,27.33,70.8,58.17,6.5,8.5,11.33,79.56,87.5,78.05,75,97.4,36.67,36.67,36.67,36.67,54.95,54.95,54.95,54.95,27.33,27.33,27.33,27.33,70.8,70.8,70.8,70.8,58.17,58.17,58.17,58.17,26,26,26,26,34,34,34,34,45.32,45.32,45.32,45.32,79.56,79.56,79.56,79.56,87.5,87.5,87.5,87.5,78.05,78.05,78.05,78.05,75,75,75,75,97.4,97.4,97.4,97.4,57.63,57.63,57.63,57.63
113,112,90,100,5,0,1,0,1,0,2,0,0.25,1,0,1.25,0,0,12,,13.07,57.25,1,1,58.67,53.17,10,100,100,75,75,100,78.67,72.42,69.25,18.67,19.5,18.07,79.81,125,86.98,137.5,92.6,41.25,41.25,41.25,41.25,80.54,80.54,80.54,80.54,78.67,78.67,78.67,78.67,72.42,72.42,72.42,72.42,69.25,69.25,69.25,69.25,74.68,74.68,74.68,74.68,78,78,78,78,72.28,72.28,72.28,72.28,79.81,79.81,79.81,79.81,125,125,125,125,86.98,86.98,86.98,86.98,137.5,137.5,137.5,137.5,92.6,92.6,92.6,92.6,78.72,78.72,78.72,78.72
114,113,95,100,7,0.5,1,1,1,1,5.5,0,1.8,1,1,3.8,1,1,14,,25,88,1,1,94.33,88,10,100,100,100,75,100,107.83,100.8,102,23,27,28,98.1,150,96.4,100,98.6,86.5,86.5,86.5,86.5,93.99,93.99,93.99,93.99,107.83,107.83,107.83,107.83,100.8,100.8,100.8,100.8,102,102,102,102,92,92,92,92,108,108,108,108,112,112,112,112,98.1,98.1,98.1,98.1,150,150,150,150,96.4,96.4,96.4,96.4,100,100,100,100,98.6,98.6,98.6,98.6,103.24,103.24,103.24,103.24
115,114,100,100,6,0.5,1,1,0.5,0,3,0,0.25,1,1,3.25,1,2,14,,17.67,71.48,1,1,75.84,58.13,10,100,100,100,100,100,86.83,73.38,85.48,24.5,21.5,20.67,90.41,62.5,86.02,75,93.5,71.25,71.25,71.25,71.25,90.7,90.7,90.7,90.7,86.83,86.83,86.83,86.83,73.38,73.38,73.38,73.38,85.48,85.48,85.48,85.48,98,98,98,98,86,86,86,86,82.68,82.68,82.68,82.68,90.41,90.41,90.41,90.41,62.5,62.5,62.5,62.5,86.02,86.02,86.02,86.02,75,75,75,75,93.5,93.5,93.5,93.5,84.12,84.12,84.12,84.12
116,115,87.78,88.89,5,0,0,0,0,1,1,0,1,0,0,3,0,2,11,,21,65.5,1,0,76,63.66,10,100,100,100,50,100,85,75.66,76.5,19.33,19.5,24,95.92,100,96.05,100,100.6,45,45,45,45,84.46,84.46,84.46,84.46,85,85,85,85,75.66,75.66,75.66,75.66,76.5,76.5,76.5,76.5,77.33,77.33,77.33,77.33,78,78,78,78,96,96,96,96,95.92,95.92,95.92,95.92,100,100,100,100,96.05,96.05,96.05,96.05,100,100,100,100,100.6,100.6,100.6,100.6,84.48,84.48,84.48,84.48
117,116,83.33,66.67,6,0,0,1,0.5,0,1.5,0,0,0,0,1,0,1,11,,18.8,47,0,1,91.33,75.93,10,100,100,100,50,50,100.83,85.93,58,21.17,19.5,21.8,93.94,100,92,87.5,91.6,42.5,42.5,42.5,42.5,81.31,81.31,81.31,81.31,100.83,100.83,100.83,100.83,85.93,85.93,85.93,85.93,58,58,58,58,84.68,84.68,84.68,84.68,78,78,78,78,87.2,87.2,87.2,87.2,93.94,93.94,93.94,93.94,100,100,100,100,92,92,92,92,87.5,87.5,87.5,87.5,91.6,91.6,91.6,91.6,84.62,84.62,84.62,84.62
118,117,78.89,88.89,5,1,1,0,0,0,2,0,0,1,0,3,0,2,0,,11.67,16.17,0,0,49.67,71.33,0,50,66.67,100,100,100,71.67,83.33,16.17,11.83,12,14.67,91.5,100,85.78,237.5,98.6,50,50,50,50,75.73,75.73,75.73,75.73,71.67,71.67,71.67,71.67,83.33,83.33,83.33,83.33,16.17,16.17,16.17,16.17,47.33,47.33,47.33,47.33,48,48,48,48,58.68,58.68,58.68,58.68,91.5,91.5,91.5,91.5,100,100,100,100,85.78,85.78,85.78,85.78,237.5,237.5,237.5,237.5,98.6,98.6,98.6,98.6,68,68,68,68
119,118,57.5,0,4.67,0.5,0,1,0,0,1.5,0,1,0,0,2,0,1,0,,0,0,0,0,46.87,0,0,87.5,100,50,50,0,56.37,0,0,10.5,14.5,0,78.01,150,88.36,125,0,40.83,40.83,40.83,40.83,47.09,47.09,47.09,47.09,56.37,56.37,56.37,56.37,0,0,0,0,0,0,0,0,42,42,42,42,58,58,58,58,0,0,0,0,78.01,78.01,78.01,78.01,150,150,150,150,88.36,88.36,88.36,88.36,125,125,125,125,0,0,0,0,33.42,33.42,33.42,33.42
120,119,21.11,55.56,7,0,0,0,0,0,0,0,0,0,0,0,0,0,10,,23,77.83,0,0,76.67,88,10,16.67,33.33,0,0,50,84.67,97,87.83,14.67,25,26,97.7,62.5,94.14,75,100.6,35,35,35,35,38.69,38.69,38.69,38.69,84.67,84.67,84.67,84.67,97,97,97,97,87.83,87.83,87.83,87.83,58.67,58.67,58.67,58.67,100,100,100,100,104,104,104,104,97.7,97.7,97.7,97.7,62.5,62.5,62.5,62.5,94.14,94.14,94.14,94.14,75,75,75,75,100.6,100.6,100.6,100.6,90.25,90.25,90.25,90.25
121,120,95,100,6.67,0,1,1,0,0,2,1,1,0,0,4,0,2,12,,16,74.17,1,1,70.73,73,10,75,100,100,100,100,80.73,86,86.17,22.17,23,19,88.61,200,89.07,137.5,94.6,63.33,63.33,63.33,63.33,88.55,88.55,88.55,88.55,80.73,80.73,80.73,80.73,86,86,86,86,86.17,86.17,86.17,86.17,88.67,88.67,88.67,88.67,92,92,92,92,76,76,76,76,88.61,88.61,88.61,88.61,200,200,200,200,89.07,89.07,89.07,89.07,137.5,137.5,137.5,137.5,94.6,94.6,94.6,94.6,89.22,89.22,89.22,89.22
122,121,75.56,77.78,6.67,0.5,0,1,0,1,2.5,0,0,0,0,0,0,0,10,,23.8,79.17,0,0,75.1,81.27,10,75,100,50,75,100,90.77,91.27,89.17,24.17,26,26.8,99.7,62.5,98.08,87.5,78.2,45.83,45.83,45.83,45.83,79.77,79.77,79.77,79.77,90.77,90.77,90.77,90.77,91.27,91.27,91.27,91.27,89.17,89.17,89.17,89.17,96.68,96.68,96.68,96.68,104,104,104,104,107.2,107.2,107.2,107.2,99.7,99.7,99.7,99.7,62.5,62.5,62.5,62.5,98.08,98.08,98.08,98.08,87.5,87.5,87.5,87.5,78.2,78.2,78.2,78.2,91.95,91.95,91.95,91.95
