,Student,ID,SIS User ID,SIS Login ID,Assignments Current Score,Assignments Unposted Current Score,Assignments Final Score,Assignments Unposted Final Score,Assignment Reminders Current Score,Assignment Reminders Unposted Current Score,Assignment Reminders Final Score,Assignment Reminders Unposted Final Score,Extra Credit Current Score,Extra Credit Unposted Current Score,Extra Credit Final Score,Extra Credit Unposted Final Score,Imported Assignments Current Score,Imported Assignments Unposted Current Score,Imported Assignments Final Score,Imported Assignments Unposted Final Score,Component Scores (instead weighted in corresponding category after EC added) Current Score,Component Scores (instead weighted in corresponding category after EC added) Unposted Current Score,Component Scores (instead weighted in corresponding category after EC added) Final Score,Component Scores (instead weighted in corresponding category after EC added) Unposted Final Score,Quiz1-Category Current Score,Quiz1-Category Unposted Current Score,Quiz1-Category Final Score,Quiz1-Category Unposted Final Score,Quiz2-Category Current Score,Quiz2-Category Unposted Current Score,Quiz2-Category Final Score,Quiz2-Category Unposted Final Score,Quiz3-Category Current Score,Quiz3-Category Unposted Current Score,Quiz3-Category Final Score,Quiz3-Category Unposted Final Score,Project 1 Materials Overall Category Current Score,Project 1 Materials Overall Category Unposted Current Score,Project 1 Materials Overall Category Final Score,Project 1 Materials Overall Category Unposted Final Score,Project 1 Collaborative Category Current Score,Project 1 Collaborative Category Unposted Current Score,Project 1 Collaborative Category Final Score,Project 1 Collaborative Category Unposted Final Score,Project 2 Materials Overall Category Current Score,Project 2 Materials Overall Category Unposted Current Score,Project 2 Materials Overall Category Final Score,Project 2 Materials Overall Category Unposted Final Score,Project 2 Collaborative Activity Category Current Score,Project 2 Collaborative Activity Category Unposted Current Score,Project 2 Collaborative Activity Category Final Score,Project 2 Collaborative Activity Category Unposted Final Score,Migrated Quizzes Current Score,Migrated Quizzes Unposted Current Score,Migrated Quizzes Final Score,Migrated Quizzes Unposted Final Score,Current Score,Unposted Current Score,Final Score,Unposted Final Score
0,1,,,,97.5,97.5,97.5,97.5,,,,,47.19,47.19,47.19,47.19,25.27,25.27,25.27,25.27,80.08,80.08,80.08,80.08,90.68,90.68,90.68,90.68,88.0,88.0,88,88,65.32,65.32,65.32,65.32,82.83,82.83,82.83,82.83,100.0,100.0,100.0,100.0,78.47,78.47,78.47,78.47,100.0,100.0,100.0,100.0,,,,,69.15,69.15,69.15,69.15
1,2,,,,95.0,95.0,95.0,95.0,,,,,57.89,57.89,57.89,57.89,67.46,67.46,67.46,67.46,75.75,75.75,75.75,75.75,82.68,82.68,82.68,82.68,96.0,96.0,96,96,64.0,64.0,64.0,64.0,90.15,90.15,90.15,90.15,100.0,100.0,100.0,100.0,87.55,87.55,87.55,87.55,100.0,100.0,100.0,100.0,,,,,81.26,81.26,81.26,81.26
2,3,,,,92.5,92.5,92.5,92.5,,,,,67.11,67.11,67.11,67.11,50.6,50.6,50.6,50.6,69.18,69.18,69.18,69.18,88.67,88.67,88.67,88.67,72.0,72.0,72,72,50.68,50.68,50.68,50.68,86.7,86.7,86.7,86.7,150.0,150.0,150.0,150.0,83.37,83.37,83.37,83.37,100.0,100.0,100.0,100.0,,,,,72.19,72.19,72.19,72.19
3,4,,,,65.0,65.0,65.0,115.0,,,,,29.82,29.82,29.82,29.82,58.21,58.21,58.21,58.21,24.48,24.48,24.48,24.48,40.0,40.0,40.0,40.0,46.0,46.0,46,46,74.4,74.4,74.4,74.4,69.5,69.5,69.5,69.5,150.0,150.0,150.0,150.0,68.48,68.48,68.48,68.48,0.0,0.0,0.0,0.0,,,,,65.23,65.23,65.23,65.23
4,5,,,,90.0,90.0,90.0,90.0,,,,,40.53,40.53,40.53,40.53,59.53,59.53,59.53,59.53,78.18,78.18,78.18,78.18,98.0,98.0,98.0,98.0,86.0,86.0,86,86,80.28,80.28,80.28,80.28,87.0,87.0,87.0,87.0,150.0,150.0,150.0,150.0,15.87,15.87,15.87,15.87,150.0,150.0,150.0,150.0,,,,,84.13,84.13,84.13,84.13
5,6,,,,92.5,92.5,92.5,92.5,,,,,51.75,51.75,51.75,51.75,57.12,57.12,57.12,57.12,82.13,82.13,82.13,82.13,86.67,86.67,86.67,86.67,94.0,94.0,94,94,84.28,84.28,84.28,84.28,92.1,92.1,92.1,92.1,83.5,83.5,83.5,83.5,87.45,87.45,87.45,87.45,50.0,50.0,50.0,50.0,,,,,87.53,87.53,87.53,87.53
6,7,,,,63.75,63.75,63.75,113.75,,,,,53.42,53.42,53.42,53.42,67.81,67.81,67.81,67.81,76.67,76.67,76.67,76.67,76.68,76.68,76.68,76.68,76.0,76.0,76,76,65.08,65.08,65.08,65.08,85.7,85.7,85.7,85.7,100.0,100.0,100.0,100.0,83.5,83.5,83.5,83.5,100.0,100.0,100.0,100.0,,,,,79.21,79.21,79.21,79.21
7,8,,,,70.63,70.63,70.63,70.63,,,,,53.51,53.51,53.51,53.51,39.19,39.19,39.19,39.19,57.22,57.22,57.22,57.22,20.0,20.0,20.0,20.0,70.0,70.0,70,70,61.6,61.6,61.6,61.6,73.45,73.45,73.45,73.45,150.0,150.0,150.0,150.0,87.43,87.43,87.43,87.43,150.0,150.0,150.0,150.0,,,,,63.12,63.12,63.12,63.12
8,9,,,,31.25,31.25,31.25,31.25,,,,,57.89,57.89,57.89,57.89,82.91,82.91,82.91,82.91,37.15,37.15,37.15,37.15,100.0,100.0,100.0,100.0,88.0,88.0,88,88,99.2,99.2,99.2,99.2,86.97,86.97,86.97,86.97,100.0,100.0,100.0,100.0,88.67,88.67,88.67,88.67,100.0,100.0,100.0,100.0,,,,,98.18,98.18,98.18,98.18
9,10,,,,61.25,61.25,61.25,61.25,,,,,61.84,61.84,61.84,61.84,69.71,69.71,69.71,69.71,77.76,77.76,77.76,77.76,86.67,86.67,86.67,86.67,100.0,100.0,100,100,82.4,82.4,82.4,82.4,97.0,97.0,97.0,97.0,150.0,150.0,150.0,150.0,96.0,96.0,96.0,96.0,137.5,137.5,137.5,137.5,,,,,90.63,90.63,90.63,90.63
10,11,,,,95.0,95.0,95.0,95.0,,,,,56.14,56.14,56.14,56.14,60.18,60.18,60.18,60.18,76.15,76.15,76.15,76.15,81.33,81.33,81.33,81.33,64.0,64.0,64,64,60.28,60.28,60.28,60.28,92.5,92.5,92.5,92.5,100.0,100.0,100.0,100.0,83.77,83.77,83.77,83.77,87.5,87.5,87.5,87.5,,,,,78.11,78.11,78.11,78.11
11,12,,,,33.75,33.75,33.75,33.75,,,,,21.05,21.05,21.05,21.05,78.72,78.72,78.72,78.72,32.68,32.68,32.68,32.68,43.33,43.33,43.33,43.33,86.0,86.0,86,86,101.6,101.6,101.6,101.6,85.5,85.5,85.5,85.5,150.0,150.0,150.0,150.0,83.5,83.5,83.5,83.5,50.0,50.0,50.0,50.0,,,,,83.97,83.97,83.97,83.97
12,13,,,,31.25,31.25,31.25,31.25,,,,,36.84,36.84,36.84,36.84,82.11,82.11,82.11,82.11,35.75,35.75,35.75,35.75,88.67,88.67,88.67,88.67,62.0,62.0,62,62,111.2,111.2,111.2,111.2,89.0,89.0,89.0,89.0,150.0,150.0,150.0,150.0,94.3,94.3,94.3,94.3,100.0,100.0,100.0,100.0,,,,,95.16,95.16,95.16,95.16
13,14,,,,90.0,90.0,90.0,90.0,,,,,42.37,42.37,42.37,42.37,35.29,35.29,35.29,35.29,73.41,73.41,73.41,73.41,51.33,51.33,51.33,51.33,64.0,64.0,64,64,67.48,67.48,67.48,67.48,87.3,87.3,87.3,87.3,200.0,200.0,200.0,200.0,90.53,90.53,90.53,90.53,150.0,150.0,150.0,150.0,,,,,78.21,78.21,78.21,78.21
14,15,,,,92.5,92.5,92.5,92.5,,,,,57.89,57.89,57.89,57.89,60.75,60.75,60.75,60.75,74.78,74.78,74.78,74.78,76.67,76.67,76.67,76.67,64.0,64.0,64,64,85.08,85.08,85.08,85.08,84.9,84.9,84.9,84.9,83.5,83.5,83.5,83.5,77.13,77.13,77.13,77.13,150.0,150.0,150.0,150.0,,,,,77.79,77.79,77.79,77.79
15,16,,,,92.5,92.5,92.5,92.5,,,,,60.53,60.53,60.53,60.53,70.13,70.13,70.13,70.13,76.8,76.8,76.8,76.8,81.33,81.33,81.33,81.33,94.0,94.0,94,94,60.0,60.0,60.0,60.0,92.6,92.6,92.6,92.6,100.0,100.0,100.0,100.0,87.67,87.67,87.67,87.67,150.0,150.0,150.0,150.0,,,,,87.67,87.67,87.67,87.67
16,17,,,,48.75,48.75,48.75,48.75,,,,,39.47,39.47,39.47,39.47,51.13,51.13,51.13,51.13,55.85,55.85,55.85,55.85,88.67,88.67,88.67,88.67,56.0,56.0,56,56,34.68,34.68,34.68,34.68,19.7,19.7,19.7,19.7,0.0,0.0,0.0,0.0,77.97,77.97,77.97,77.97,150.0,150.0,150.0,150.0,,,,,70.94,70.94,70.94,70.94
17,18,,,,81.88,81.88,81.88,81.88,,,,,44.74,44.74,44.74,44.74,57.63,57.63,57.63,57.63,83.97,83.97,83.97,83.97,94.0,94.0,94.0,94.0,74.0,74.0,74,74,87.48,87.48,87.48,87.48,89.15,89.15,89.15,89.15,100.0,100.0,100.0,100.0,74.25,74.25,74.25,74.25,150.0,150.0,150.0,150.0,,,,,80.69,80.69,80.69,80.69
18,19,,,,79.38,79.38,79.38,129.38,,,,,49.21,49.21,49.21,49.21,58.95,58.95,58.95,58.95,84.25,84.25,84.25,84.25,88.67,88.67,88.67,88.67,100.0,100.0,100,100,70.4,70.4,70.4,70.4,85.0,85.0,85.0,85.0,100.0,100.0,100.0,100.0,85.2,85.2,85.2,85.2,100.0,100.0,100.0,100.0,,,,,87.95,87.95,87.95,87.95
19,20,,,,95.0,95.0,95.0,95.0,,,,,57.89,57.89,57.89,57.89,34.59,34.59,34.59,34.59,67.69,67.69,67.69,67.69,42.0,42.0,42.0,42.0,16.0,16.0,16,16,42.92,42.92,42.92,42.92,87.25,87.25,87.25,87.25,150.0,150.0,150.0,150.0,71.85,71.85,71.85,71.85,50.0,50.0,50.0,50.0,,,,,53.31,53.31,53.31,53.31
20,21,,,,31.25,31.25,31.25,31.25,,,,,36.84,36.84,36.84,36.84,50.85,50.85,50.85,50.85,26.16,26.16,26.16,26.16,88.67,88.67,88.67,88.67,88.0,88.0,88,88,56.28,56.28,56.28,56.28,64.4,64.4,64.4,64.4,100.0,100.0,100.0,100.0,64.07,64.07,64.07,64.07,100.0,100.0,100.0,100.0,,,,,72.49,72.49,72.49,72.49
21,22,,,,82.5,82.5,82.5,132.5,,,,,73.68,73.68,73.68,73.68,57.87,57.87,57.87,57.87,58.49,58.49,58.49,58.49,79.32,79.32,79.32,79.32,92.0,92.0,92,92,84.8,84.8,84.8,84.8,87.8,87.8,87.8,87.8,100.0,100.0,100.0,100.0,85.07,85.07,85.07,85.07,100.0,100.0,100.0,100.0,,,,,77.55,77.55,77.55,77.55
22,23,,,,97.5,97.5,97.5,97.5,,,,,68.42,68.42,68.42,68.42,44.8,44.8,44.8,44.8,78.68,78.68,78.68,78.68,78.0,78.0,78.0,78.0,68.0,68.0,68,68,72.0,72.0,72.0,72.0,76.4,76.4,76.4,76.4,100.0,100.0,100.0,100.0,89.57,89.57,89.57,89.57,150.0,150.0,150.0,150.0,,,,,71.43,71.43,71.43,71.43
23,24,,,,51.25,51.25,51.25,51.25,,,,,52.63,52.63,52.63,52.63,60.64,60.64,60.64,60.64,57.31,57.31,57.31,57.31,82.0,82.0,82.0,82.0,88.0,88.0,88,88,95.2,95.2,95.2,95.2,83.9,83.9,83.9,83.9,100.0,100.0,100.0,100.0,80.7,80.7,80.7,80.7,100.0,100.0,100.0,100.0,,,,,74.0,74.0,74.0,74.0
24,25,,,,97.5,97.5,97.5,97.5,,,,,44.74,44.74,44.74,44.74,27.81,27.81,27.81,27.81,81.57,81.57,81.57,81.57,80.0,80.0,80.0,80.0,80.0,80.0,80,80,42.68,42.68,42.68,42.68,89.5,89.5,89.5,89.5,100.0,100.0,100.0,100.0,95.17,95.17,95.17,95.17,100.0,100.0,100.0,100.0,,,,,72.18,72.18,72.18,72.18
25,26,,,,97.5,97.5,97.5,97.5,,,,,36.84,36.84,36.84,36.84,71.65,71.65,71.65,71.65,88.19,88.19,88.19,88.19,88.67,88.67,88.67,88.67,100.0,100.0,100,100,77.6,77.6,77.6,77.6,88.0,88.0,88.0,88.0,150.0,150.0,150.0,150.0,92.66,92.66,92.66,92.66,150.0,150.0,150.0,150.0,,,,,92.25,92.25,92.25,92.25
26,27,,,,90.0,90.0,90.0,90.0,,,,,78.95,78.95,78.95,78.95,82.4,82.4,82.4,82.4,77.71,77.71,77.71,77.71,88.67,88.67,88.67,88.67,100.0,100.0,100,100,116.0,116.0,116.0,116.0,97.93,97.93,97.93,97.93,150.0,150.0,150.0,150.0,94.01,94.01,94.01,94.01,87.5,87.5,87.5,87.5,,,,,97.96,97.96,97.96,97.96
27,28,,,,90.0,90.0,90.0,90.0,,,,,43.16,43.16,43.16,43.16,49.36,49.36,49.36,49.36,68.99,68.99,68.99,68.99,98.0,98.0,98.0,98.0,88.0,88.0,88,88,72.8,72.8,72.8,72.8,89.0,89.0,89.0,89.0,100.0,100.0,100.0,100.0,91.38,91.38,91.38,91.38,150.0,150.0,150.0,150.0,,,,,78.97,78.97,78.97,78.97
28,29,,,,60.0,60.0,60.0,110.0,,,,,76.32,76.32,76.32,76.32,55.07,55.07,55.07,55.07,71.83,71.83,71.83,71.83,80.68,80.68,80.68,80.68,76.0,76.0,76,76,42.68,42.68,42.68,42.68,85.95,85.95,85.95,85.95,150.0,150.0,150.0,150.0,73.75,73.75,73.75,73.75,50.0,50.0,50.0,50.0,,,,,84.3,84.3,84.3,84.3
29,30,,,,100.0,100.0,100.0,100.0,,,,,55.26,55.26,55.26,55.26,58.29,58.29,58.29,58.29,84.31,84.31,84.31,84.31,45.33,45.33,45.33,45.33,54.0,54.0,54,54,75.48,75.48,75.48,75.48,56.25,56.25,56.25,56.25,83.5,83.5,83.5,83.5,81.8,81.8,81.8,81.8,100.0,100.0,100.0,100.0,,,,,67.59,67.59,67.59,67.59
30,31,,,,31.25,31.25,31.25,31.25,,,,,34.21,34.21,34.21,34.21,69.55,69.55,69.55,69.55,28.48,28.48,28.48,28.48,47.33,47.33,47.33,47.33,94.0,94.0,94,94,94.4,94.4,94.4,94.4,78.9,78.9,78.9,78.9,150.0,150.0,150.0,150.0,82.68,82.68,82.68,82.68,150.0,150.0,150.0,150.0,,,,,81.3,81.3,81.3,81.3
31,32,,,,87.5,87.5,87.5,87.5,,,,,48.25,48.25,48.25,48.25,47.68,47.68,47.68,47.68,61.8,61.8,61.8,61.8,70.68,70.68,70.68,70.68,40.0,40.0,40,40,62.68,62.68,62.68,62.68,48.6,48.6,48.6,48.6,83.5,83.5,83.5,83.5,11.8,11.8,11.8,11.8,100.0,100.0,100.0,100.0,,,,,58.11,58.11,58.11,58.11
32,33,,,,92.5,92.5,92.5,92.5,,,,,60.53,60.53,60.53,60.53,67.19,67.19,67.19,67.19,77.84,77.84,77.84,77.84,79.33,79.33,79.33,79.33,82.0,82.0,82,82,76.28,76.28,76.28,76.28,89.5,89.5,89.5,89.5,100.0,100.0,100.0,100.0,93.27,93.27,93.27,93.27,100.0,100.0,100.0,100.0,,,,,86.08,86.08,86.08,86.08
33,34,,,,61.25,61.25,61.25,111.25,,,,,73.68,73.68,73.68,73.68,48.93,48.93,48.93,48.93,79.83,79.83,79.83,79.83,98.0,98.0,98.0,98.0,70.0,70.0,70,70,57.32,57.32,57.32,57.32,97.05,97.05,97.05,97.05,100.0,100.0,100.0,100.0,89.12,89.12,89.12,89.12,100.0,100.0,100.0,100.0,,,,,85.03,85.03,85.03,85.03
34,35,,,,88.75,88.75,88.75,88.75,,,,,33.33,33.33,33.33,33.33,42.6,42.6,42.6,42.6,67.86,67.86,67.86,67.86,58.67,58.67,58.67,58.67,78.0,78.0,78,78,74.68,74.68,74.68,74.68,78.43,78.43,78.43,78.43,150.0,150.0,150.0,150.0,58.45,58.45,58.45,58.45,100.0,100.0,100.0,100.0,,,,,69.77,69.77,69.77,69.77
35,36,,,,45.0,45.0,45.0,45.0,,,,,52.63,52.63,52.63,52.63,32.69,32.69,32.69,32.69,53.35,53.35,53.35,53.35,98.0,98.0,98.0,98.0,94.0,94.0,94,94,52.28,52.28,52.28,52.28,81.9,81.9,81.9,81.9,150.0,150.0,150.0,150.0,82.22,82.22,82.22,82.22,100.0,100.0,100.0,100.0,,,,,78.86,78.86,78.86,78.86
36,37,,,,56.25,56.25,56.25,56.25,,,,,21.05,21.05,21.05,21.05,63.04,63.04,63.04,63.04,69.1,69.1,69.1,69.1,98.0,98.0,98.0,98.0,76.0,76.0,76,76,77.88,77.88,77.88,77.88,94.1,94.1,94.1,94.1,150.0,150.0,150.0,150.0,92.8,92.8,92.8,92.8,200.0,200.0,200.0,200.0,,,,,81.94,81.94,81.94,81.94
37,38,,,,100.0,100.0,100.0,100.0,,,,,65.79,65.79,65.79,65.79,41.47,41.47,41.47,41.47,87.48,87.48,87.48,87.48,72.0,72.0,72.0,72.0,58.0,58.0,58,58,42.68,42.68,42.68,42.68,88.0,88.0,88.0,88.0,150.0,150.0,150.0,150.0,95.6,95.6,95.6,95.6,87.5,87.5,87.5,87.5,,,,,78.01,78.01,78.01,78.01
38,39,,,,100.0,100.0,100.0,100.0,,,,,81.58,81.58,81.58,81.58,74.2,74.2,74.2,74.2,96.05,96.05,96.05,96.05,96.0,96.0,96.0,96.0,94.0,94.0,94,94,88.0,88.0,88.0,88.0,94.75,94.75,94.75,94.75,150.0,150.0,150.0,150.0,98.25,98.25,98.25,98.25,100.0,100.0,100.0,100.0,,,,,98.71,98.71,98.71,98.71
39,40,,,,68.75,68.75,68.75,118.75,,,,,63.16,63.16,63.16,63.16,57.23,57.23,57.23,57.23,97.26,97.26,97.26,97.26,94.0,94.0,94.0,94.0,100.0,100.0,100,100,56.8,56.8,56.8,56.8,97.0,97.0,97.0,97.0,150.0,150.0,150.0,150.0,91.7,91.7,91.7,91.7,100.0,100.0,100.0,100.0,,,,,95.18,95.18,95.18,95.18
40,41,,,,31.25,31.25,31.25,31.25,,,,,39.47,39.47,39.47,39.47,95.47,95.47,95.47,95.47,37.65,37.65,37.65,37.65,100.0,100.0,100.0,100.0,100.0,100.0,100,100,116.0,116.0,116.0,116.0,94.65,94.65,94.65,94.65,75.0,75.0,75.0,75.0,96.0,96.0,96.0,96.0,150.0,150.0,150.0,150.0,,,,,103.21,103.21,103.21,103.21
41,42,,,,31.25,31.25,31.25,81.25,,,,,42.11,42.11,42.11,42.11,86.4,86.4,86.4,86.4,33.41,33.41,33.41,33.41,96.0,96.0,96.0,96.0,88.0,88.0,88,88,98.68,98.68,98.68,98.68,62.0,62.0,62.0,62.0,100.0,100.0,100.0,100.0,40.67,40.67,40.67,40.67,100.0,100.0,100.0,100.0,,,,,83.92,83.92,83.92,83.92
42,43,,,,100.0,100.0,100.0,150.0,,,,,63.16,63.16,63.16,63.16,63.36,63.36,63.36,63.36,85.91,85.91,85.91,85.91,100.0,100.0,100.0,100.0,78.0,78.0,78,78,39.48,39.48,39.48,39.48,76.85,76.85,76.85,76.85,150.0,150.0,150.0,150.0,62.02,62.02,62.02,62.02,50.0,50.0,50.0,50.0,,,,,75.57,75.57,75.57,75.57
43,44,,,,82.5,82.5,82.5,82.5,,,,,42.11,42.11,42.11,42.11,30.81,30.81,30.81,30.81,51.46,51.46,51.46,51.46,65.33,65.33,65.33,65.33,56.0,56.0,56,56,61.08,61.08,61.08,61.08,86.95,86.95,86.95,86.95,100.0,100.0,100.0,100.0,80.8,80.8,80.8,80.8,100.0,100.0,100.0,100.0,,,,,60.51,60.51,60.51,60.51
44,45,,,,75.0,75.0,75.0,75.0,,,,,52.63,52.63,52.63,52.63,90.8,90.8,90.8,90.8,55.33,55.33,55.33,55.33,100.0,100.0,100.0,100.0,100.0,100.0,100,100,116.0,116.0,116.0,116.0,93.0,93.0,93.0,93.0,100.0,100.0,100.0,100.0,98.0,98.0,98.0,98.0,87.5,87.5,87.5,87.5,,,,,97.24,97.24,97.24,97.24
45,46,,,,86.25,86.25,86.25,86.25,,,,,42.11,42.11,42.11,42.11,48.93,48.93,48.93,48.93,60.13,60.13,60.13,60.13,67.33,67.33,67.33,67.33,74.0,74.0,74,74,84.0,84.0,84.0,84.0,87.5,87.5,87.5,87.5,150.0,150.0,150.0,150.0,89.0,89.0,89.0,89.0,37.5,37.5,37.5,37.5,,,,,71.31,71.31,71.31,71.31
46,47,,,,76.88,76.88,76.88,76.88,,,,,84.21,84.21,84.21,84.21,80.67,80.67,80.67,80.67,82.67,82.67,82.67,82.67,100.0,100.0,100.0,100.0,96.0,96.0,96,96,88.0,88.0,88.0,88.0,90.7,90.7,90.7,90.7,200.0,200.0,200.0,200.0,97.0,97.0,97.0,97.0,200.0,200.0,200.0,200.0,,,,,101.94,101.94,101.94,101.94
47,48,,,,31.25,31.25,31.25,31.25,,,,,26.32,26.32,26.32,26.32,42.4,42.4,42.4,42.4,23.8,23.8,23.8,23.8,39.33,39.33,39.33,39.33,78.0,78.0,78,78,72.0,72.0,72.0,72.0,89.45,89.45,89.45,89.45,100.0,100.0,100.0,100.0,90.93,90.93,90.93,90.93,50.0,50.0,50.0,50.0,,,,,69.32,69.32,69.32,69.32
48,49,,,,100.0,100.0,100.0,100.0,,,,,55.26,55.26,55.26,55.26,37.73,37.73,37.73,37.73,82.29,82.29,82.29,82.29,50.0,50.0,50.0,50.0,66.0,66.0,66,66,70.68,70.68,70.68,70.68,88.0,88.0,88.0,88.0,100.0,100.0,100.0,100.0,89.97,89.97,89.97,89.97,37.5,37.5,37.5,37.5,,,,,68.13,68.13,68.13,68.13
49,50,,,,31.25,31.25,31.25,31.25,,,,,0.0,0.0,0.0,0.0,33.0,33.0,33.0,33.0,21.92,21.92,21.92,21.92,84.67,84.67,84.67,84.67,84.0,84.0,84,84,50.68,50.68,50.68,50.68,91.05,91.05,91.05,91.05,83.5,83.5,83.5,83.5,85.9,85.9,85.9,85.9,100.0,100.0,100.0,100.0,,,,,65.03,65.03,65.03,65.03
50,51,,,,97.5,97.5,97.5,97.5,,,,,34.65,34.65,34.65,34.65,46.72,46.72,46.72,46.72,72.9,72.9,72.9,72.9,52.0,52.0,52.0,52.0,50.0,50.0,50,50,53.6,53.6,53.6,53.6,73.45,73.45,73.45,73.45,100.0,100.0,100.0,100.0,81.09,81.09,81.09,81.09,150.0,150.0,150.0,150.0,,,,,63.33,63.33,63.33,63.33
51,52,,,,92.5,92.5,92.5,92.5,,,,,52.63,52.63,52.63,52.63,58.05,58.05,58.05,58.05,74.41,74.41,74.41,74.41,65.32,65.32,65.32,65.32,80.0,80.0,80,80,72.28,72.28,72.28,72.28,82.95,82.95,82.95,82.95,0.0,0.0,0.0,0.0,92.42,92.42,92.42,92.42,100.0,100.0,100.0,100.0,,,,,77.78,77.78,77.78,77.78
52,53,,,,95.0,95.0,95.0,95.0,,,,,68.42,68.42,68.42,68.42,40.4,40.4,40.4,40.4,70.41,70.41,70.41,70.41,72.68,72.68,72.68,72.68,58.0,58.0,58,58,42.68,42.68,42.68,42.68,84.25,84.25,84.25,84.25,125.0,125.0,125.0,125.0,84.91,84.91,84.91,84.91,50.0,50.0,50.0,50.0,,,,,66.74,66.74,66.74,66.74
53,54,,,,43.75,43.75,43.75,43.75,,,,,28.95,28.95,28.95,28.95,74.67,74.67,74.67,74.67,52.41,52.41,52.41,52.41,98.0,98.0,98.0,98.0,100.0,100.0,100,100,96.0,96.0,96.0,96.0,88.53,88.53,88.53,88.53,150.0,150.0,150.0,150.0,92.9,92.9,92.9,92.9,100.0,100.0,100.0,100.0,,,,,92.27,92.27,92.27,92.27
54,55,,,,56.25,56.25,56.25,56.25,,,,,57.89,57.89,57.89,57.89,47.6,47.6,47.6,47.6,65.18,65.18,65.18,65.18,90.67,90.67,90.67,90.67,52.0,52.0,52,52,70.68,70.68,70.68,70.68,93.85,93.85,93.85,93.85,100.0,100.0,100.0,100.0,91.8,91.8,91.8,91.8,150.0,150.0,150.0,150.0,,,,,76.47,76.47,76.47,76.47
55,56,,,,85.0,85.0,85.0,85.0,,,,,53.95,53.95,53.95,53.95,20.07,20.07,20.07,20.07,54.85,54.85,54.85,54.85,36.0,36.0,36.0,36.0,46.0,46.0,46,46,0.0,0.0,0.0,0.0,66.85,66.85,66.85,66.85,100.0,100.0,100.0,100.0,78.3,78.3,78.3,78.3,100.0,100.0,100.0,100.0,,,,,54.77,54.77,54.77,54.77
56,57,,,,87.5,87.5,87.5,137.5,,,,,63.16,63.16,63.16,63.16,93.17,93.17,93.17,93.17,77.58,77.58,77.58,77.58,100.0,100.0,100.0,100.0,100.0,100.0,100,100,111.2,111.2,111.2,111.2,98.0,98.0,98.0,98.0,200.0,200.0,200.0,200.0,99.1,99.1,99.1,99.1,137.5,137.5,137.5,137.5,,,,,107.19,107.19,107.19,107.19
57,58,,,,92.5,92.5,92.5,92.5,,,,,49.56,49.56,49.56,49.56,53.73,53.73,53.73,53.73,67.75,67.75,67.75,67.75,67.32,67.32,67.32,67.32,76.0,76.0,76,76,72.0,72.0,72.0,72.0,70.65,70.65,70.65,70.65,100.0,100.0,100.0,100.0,78.77,78.77,78.77,78.77,137.5,137.5,137.5,137.5,,,,,69.21,69.21,69.21,69.21
58,59,,,,31.25,31.25,31.25,31.25,,,,,29.82,29.82,29.82,29.82,49.27,49.27,49.27,49.27,20.0,20.0,20.0,20.0,76.67,76.67,76.67,76.67,54.0,54.0,54,54,72.0,72.0,72.0,72.0,75.85,75.85,75.85,75.85,100.0,100.0,100.0,100.0,73.53,73.53,73.53,73.53,150.0,150.0,150.0,150.0,,,,,65.69,65.69,65.69,65.69
59,60,,,,61.25,61.25,61.25,61.25,,,,,55.26,55.26,55.26,55.26,36.32,36.32,36.32,36.32,68.99,68.99,68.99,68.99,73.32,73.32,73.32,73.32,46.0,46.0,46,46,48.8,48.8,48.8,48.8,90.5,90.5,90.5,90.5,100.0,100.0,100.0,100.0,88.2,88.2,88.2,88.2,150.0,150.0,150.0,150.0,,,,,68.55,68.55,68.55,68.55
60,61,,,,97.5,97.5,97.5,97.5,,,,,44.74,44.74,44.74,44.74,64.13,64.13,64.13,64.13,89.84,89.84,89.84,89.84,55.32,55.32,55.32,55.32,82.0,82.0,82,82,100.0,100.0,100.0,100.0,92.75,92.75,92.75,92.75,100.0,100.0,100.0,100.0,83.5,83.5,83.5,83.5,100.0,100.0,100.0,100.0,,,,,88.11,88.11,88.11,88.11
61,62,,,,91.25,91.25,91.25,141.25,,,,,31.58,31.58,31.58,31.58,79.54,79.54,79.54,79.54,73.45,73.45,73.45,73.45,78.68,78.68,78.68,78.68,84.0,84.0,84,84,86.4,86.4,86.4,86.4,85.55,85.55,85.55,85.55,83.5,83.5,83.5,83.5,76.95,76.95,76.95,76.95,100.0,100.0,100.0,100.0,,,,,84.05,84.05,84.05,84.05
62,63,,,,76.88,76.88,76.88,76.88,,,,,48.95,48.95,48.95,48.95,44.93,44.93,44.93,44.93,70.35,70.35,70.35,70.35,34.0,34.0,34.0,34.0,46.0,46.0,46,46,40.0,40.0,40.0,40.0,89.9,89.9,89.9,89.9,150.0,150.0,150.0,150.0,87.43,87.43,87.43,87.43,200.0,200.0,200.0,200.0,,,,,71.13,71.13,71.13,71.13
63,64,,,,97.5,97.5,97.5,147.5,,,,,52.63,52.63,52.63,52.63,85.2,85.2,85.2,85.2,86.62,86.62,86.62,86.62,90.67,90.67,90.67,90.67,88.0,88.0,88,88,98.68,98.68,98.68,98.68,96.85,96.85,96.85,96.85,0.0,0.0,0.0,0.0,93.2,93.2,93.2,93.2,100.0,100.0,100.0,100.0,,,,,91.2,91.2,91.2,91.2
64,65,,,,100.0,100.0,100.0,100.0,,,,,50.0,50.0,50.0,50.0,43.96,43.96,43.96,43.96,90.21,90.21,90.21,90.21,36.0,36.0,36.0,36.0,68.0,68.0,68,68,86.4,86.4,86.4,86.4,76.85,76.85,76.85,76.85,83.5,83.5,83.5,83.5,72.53,72.53,72.53,72.53,100.0,100.0,100.0,100.0,,,,,74.45,74.45,74.45,74.45
65,66,,,,90.0,90.0,90.0,140.0,,,,,55.7,55.7,55.7,55.7,63.57,63.57,63.57,63.57,75.12,75.12,75.12,75.12,84.67,84.67,84.67,84.67,94.0,94.0,94,94,82.68,82.68,82.68,82.68,89.0,89.0,89.0,89.0,100.0,100.0,100.0,100.0,94.67,94.67,94.67,94.67,100.0,100.0,100.0,100.0,,,,,87.48,87.48,87.48,87.48
66,67,,,,95.0,95.0,95.0,145.0,,,,,60.53,60.53,60.53,60.53,64.27,64.27,64.27,64.27,79.95,79.95,79.95,79.95,98.0,98.0,98.0,98.0,80.0,80.0,80,80,52.0,52.0,52.0,52.0,87.7,87.7,87.7,87.7,83.5,83.5,83.5,83.5,85.63,85.63,85.63,85.63,100.0,100.0,100.0,100.0,,,,,84.09,84.09,84.09,84.09
67,68,,,,100.0,100.0,100.0,100.0,,,,,57.37,57.37,57.37,57.37,30.53,30.53,30.53,30.53,86.39,86.39,86.39,86.39,71.68,71.68,71.68,71.68,54.0,54.0,54,54,80.0,80.0,80.0,80.0,95.0,95.0,95.0,95.0,100.0,100.0,100.0,100.0,92.17,92.17,92.17,92.17,37.5,37.5,37.5,37.5,,,,,71.27,71.27,71.27,71.27
68,69,,,,97.5,97.5,97.5,97.5,,,,,42.11,42.11,42.11,42.11,52.47,52.47,52.47,52.47,83.33,83.33,83.33,83.33,41.32,41.32,41.32,41.32,88.0,88.0,88,88,80.0,80.0,80.0,80.0,95.8,95.8,95.8,95.8,150.0,150.0,150.0,150.0,90.63,90.63,90.63,90.63,150.0,150.0,150.0,150.0,,,,,80.33,80.33,80.33,80.33
69,70,,,,85.0,85.0,85.0,85.0,,,,,50.0,50.0,50.0,50.0,44.32,44.32,44.32,44.32,59.22,59.22,59.22,59.22,100.0,100.0,100.0,100.0,88.0,88.0,88,88,80.28,80.28,80.28,80.28,85.5,85.5,85.5,85.5,150.0,150.0,150.0,150.0,86.53,86.53,86.53,86.53,37.5,37.5,37.5,37.5,,,,,74.23,74.23,74.23,74.23
70,71,,,,31.25,31.25,31.25,31.25,,,,,42.11,42.11,42.11,42.11,57.2,57.2,57.2,57.2,26.81,26.81,26.81,26.81,88.67,88.67,88.67,88.67,92.0,92.0,92,92,50.68,50.68,50.68,50.68,65.1,65.1,65.1,65.1,150.0,150.0,150.0,150.0,49.74,49.74,49.74,49.74,100.0,100.0,100.0,100.0,,,,,73.22,73.22,73.22,73.22
71,72,,,,100.0,100.0,100.0,100.0,,,,,93.68,93.68,93.68,93.68,92.4,92.4,92.4,92.4,95.29,95.29,95.29,95.29,100.0,100.0,100.0,100.0,96.0,96.0,96,96,116.0,116.0,116.0,116.0,98.0,98.0,98.0,98.0,100.0,100.0,100.0,100.0,100.0,100.0,100.0,100.0,150.0,150.0,150.0,150.0,,,,,104.13,104.13,104.13,104.13
72,73,,,,100.0,100.0,100.0,100.0,,,,,63.16,63.16,63.16,63.16,78.2,78.2,78.2,78.2,95.48,95.48,95.48,95.48,98.0,98.0,98.0,98.0,94.0,94.0,94,94,84.0,84.0,84.0,84.0,96.5,96.5,96.5,96.5,100.0,100.0,100.0,100.0,98.0,98.0,98.0,98.0,150.0,150.0,150.0,150.0,,,,,99.06,99.06,99.06,99.06
73,74,,,,81.88,81.88,81.88,81.88,,,,,52.63,52.63,52.63,52.63,41.53,41.53,41.53,41.53,76.06,76.06,76.06,76.06,67.33,67.33,67.33,67.33,80.0,80.0,80,80,66.68,66.68,66.68,66.68,83.7,83.7,83.7,83.7,200.0,200.0,200.0,200.0,92.05,92.05,92.05,92.05,200.0,200.0,200.0,200.0,,,,,72.15,72.15,72.15,72.15
74,75,,,,97.5,97.5,97.5,97.5,,,,,36.84,36.84,36.84,36.84,37.47,37.47,37.47,37.47,80.88,80.88,80.88,80.88,55.33,55.33,55.33,55.33,40.0,40.0,40,40,62.92,62.92,62.92,62.92,78.8,78.8,78.8,78.8,200.0,200.0,200.0,200.0,61.51,61.51,61.51,61.51,100.0,100.0,100.0,100.0,,,,,68.27,68.27,68.27,68.27
75,76,,,,92.5,92.5,92.5,142.5,,,,,45.79,45.79,45.79,45.79,71.79,71.79,71.79,71.79,83.66,83.66,83.66,83.66,100.0,100.0,100.0,100.0,100.0,100.0,100,100,78.4,78.4,78.4,78.4,91.5,91.5,91.5,91.5,100.0,100.0,100.0,100.0,96.2,96.2,96.2,96.2,100.0,100.0,100.0,100.0,,,,,95.96,95.96,95.96,95.96
76,77,,,,48.75,48.75,48.75,48.75,,,,,31.93,31.93,31.93,31.93,14.03,14.03,14.03,14.03,39.92,39.92,39.92,39.92,48.0,48.0,48.0,48.0,32.0,32.0,32,32,47.48,47.48,47.48,47.48,80.6,80.6,80.6,80.6,150.0,150.0,150.0,150.0,82.47,82.47,82.47,82.47,37.5,37.5,37.5,37.5,,,,,44.62,44.62,44.62,44.62
77,78,,,,97.5,97.5,97.5,97.5,,,,,56.84,56.84,56.84,56.84,60.0,60.0,60.0,60.0,88.65,88.65,88.65,88.65,100.0,100.0,100.0,100.0,96.0,96.0,96,96,70.68,70.68,70.68,70.68,97.0,97.0,97.0,97.0,100.0,100.0,100.0,100.0,93.67,93.67,93.67,93.67,100.0,100.0,100.0,100.0,,,,,91.19,91.19,91.19,91.19
78,79,,,,100.0,100.0,100.0,100.0,,,,,77.63,77.63,77.63,77.63,65.55,65.55,65.55,65.55,91.79,91.79,91.79,91.79,84.68,84.68,84.68,84.68,94.0,94.0,94,94,74.4,74.4,74.4,74.4,96.0,96.0,96.0,96.0,150.0,150.0,150.0,150.0,96.0,96.0,96.0,96.0,150.0,150.0,150.0,150.0,,,,,93.0,93.0,93.0,93.0
79,80,,,,86.25,86.25,86.25,86.25,,,,,60.53,60.53,60.53,60.53,31.33,31.33,31.33,31.33,61.02,61.02,61.02,61.02,75.32,75.32,75.32,75.32,62.0,62.0,62,62,42.68,42.68,42.68,42.68,74.15,74.15,74.15,74.15,100.0,100.0,100.0,100.0,79.97,79.97,79.97,79.97,50.0,50.0,50.0,50.0,,,,,66.73,66.73,66.73,66.73
80,81,,,,31.25,31.25,31.25,31.25,,,,,44.74,44.74,44.74,44.74,52.13,52.13,52.13,52.13,17.44,17.44,17.44,17.44,30.0,30.0,30.0,30.0,42.0,42.0,42,42,86.68,86.68,86.68,86.68,91.4,91.4,91.4,91.4,100.0,100.0,100.0,100.0,86.13,86.13,86.13,86.13,100.0,100.0,100.0,100.0,,,,,63.5,63.5,63.5,63.5
81,82,,,,56.25,56.25,56.25,56.25,,,,,43.42,43.42,43.42,43.42,84.0,84.0,84.0,84.0,75.54,75.54,75.54,75.54,98.0,98.0,98.0,98.0,96.0,96.0,96,96,98.68,98.68,98.68,98.68,96.0,96.0,96.0,96.0,150.0,150.0,150.0,150.0,93.7,93.7,93.7,93.7,87.5,87.5,87.5,87.5,,,,,99.29,99.29,99.29,99.29
82,83,,,,75.63,75.63,75.63,75.63,,,,,63.16,63.16,63.16,63.16,67.33,67.33,67.33,67.33,83.59,83.59,83.59,83.59,96.0,96.0,96.0,96.0,62.0,62.0,62,62,92.0,92.0,92.0,92.0,85.75,85.75,85.75,85.75,100.0,100.0,100.0,100.0,74.05,74.05,74.05,74.05,50.0,50.0,50.0,50.0,,,,,90.7,90.7,90.7,90.7
83,84,,,,78.13,78.13,78.13,78.13,,,,,62.28,62.28,62.28,62.28,44.0,44.0,44.0,44.0,77.19,77.19,77.19,77.19,98.0,98.0,98.0,98.0,90.0,90.0,90,90,68.0,68.0,68.0,68.0,91.0,91.0,91.0,91.0,150.0,150.0,150.0,150.0,96.67,96.67,96.67,96.67,87.5,87.5,87.5,87.5,,,,,81.05,81.05,81.05,81.05
84,85,,,,66.25,66.25,66.25,66.25,,,,,60.53,60.53,60.53,60.53,63.91,63.91,63.91,63.91,92.14,92.14,92.14,92.14,100.0,100.0,100.0,100.0,94.0,94.0,94,94,95.2,95.2,95.2,95.2,93.85,93.85,93.85,93.85,150.0,150.0,150.0,150.0,88.55,88.55,88.55,88.55,100.0,100.0,100.0,100.0,,,,,94.91,94.91,94.91,94.91
85,86,,,,63.75,63.75,63.75,113.75,,,,,45.79,45.79,45.79,45.79,41.07,41.07,41.07,41.07,66.09,66.09,66.09,66.09,90.0,90.0,90.0,90.0,24.0,24.0,24,24,76.0,76.0,76.0,76.0,62.35,62.35,62.35,62.35,100.0,100.0,100.0,100.0,16.33,16.33,16.33,16.33,87.5,87.5,87.5,87.5,,,,,54.14,54.14,54.14,54.14
86,87,,,,40.0,40.0,40.0,40.0,,,,,31.58,31.58,31.58,31.58,54.59,54.59,54.59,54.59,39.78,39.78,39.78,39.78,70.0,70.0,70.0,70.0,96.0,96.0,96,96,52.0,52.0,52.0,52.0,67.7,67.7,67.7,67.7,100.0,100.0,100.0,100.0,67.13,67.13,67.13,67.13,100.0,100.0,100.0,100.0,,,,,70.55,70.55,70.55,70.55
87,88,,,,74.38,74.38,74.38,74.38,,,,,47.37,47.37,47.37,47.37,41.95,41.95,41.95,41.95,60.7,60.7,60.7,60.7,73.33,73.33,73.33,73.33,86.0,86.0,86,86,39.72,39.72,39.72,39.72,88.2,88.2,88.2,88.2,100.0,100.0,100.0,100.0,81.17,81.17,81.17,81.17,100.0,100.0,100.0,100.0,,,,,65.44,65.44,65.44,65.44
88,89,,,,31.25,31.25,31.25,31.25,,,,,26.32,26.32,26.32,26.32,58.07,58.07,58.07,58.07,30.03,30.03,30.03,30.03,82.0,82.0,82.0,82.0,90.0,90.0,90,90,92.0,92.0,92.0,92.0,95.4,95.4,95.4,95.4,150.0,150.0,150.0,150.0,92.78,92.78,92.78,92.78,150.0,150.0,150.0,150.0,,,,,85.48,85.48,85.48,85.48
89,90,,,,83.75,83.75,83.75,133.75,,,,,55.26,55.26,55.26,55.26,40.28,40.28,40.28,40.28,61.6,61.6,61.6,61.6,82.68,82.68,82.68,82.68,76.0,76.0,76,76,50.68,50.68,50.68,50.68,83.53,83.53,83.53,83.53,150.0,150.0,150.0,150.0,76.47,76.47,76.47,76.47,150.0,150.0,150.0,150.0,,,,,77.94,77.94,77.94,77.94
90,91,,,,63.75,63.75,63.75,63.75,,,,,50.0,50.0,50.0,50.0,35.98,35.98,35.98,35.98,71.84,71.84,71.84,71.84,38.67,38.67,38.67,38.67,64.0,64.0,64,64,44.0,44.0,44.0,44.0,47.98,47.98,47.98,47.98,100.0,100.0,100.0,100.0,35.67,35.67,35.67,35.67,100.0,100.0,100.0,100.0,,,,,57.5,57.5,57.5,57.5
91,92,,,,31.25,31.25,31.25,81.25,,,,,36.84,36.84,36.84,36.84,53.64,53.64,53.64,53.64,31.27,31.27,31.27,31.27,48.67,48.67,48.67,48.67,26.0,26.0,26,26,42.68,42.68,42.68,42.68,63.2,63.2,63.2,63.2,83.5,83.5,83.5,83.5,46.25,46.25,46.25,46.25,150.0,150.0,150.0,150.0,,,,,72.59,72.59,72.59,72.59
92,93,,,,100.0,100.0,100.0,100.0,,,,,57.89,57.89,57.89,57.89,54.67,54.67,54.67,54.67,88.57,88.57,88.57,88.57,85.32,85.32,85.32,85.32,82.0,82.0,82,82,60.0,60.0,60.0,60.0,92.5,92.5,92.5,92.5,100.0,100.0,100.0,100.0,75.05,75.05,75.05,75.05,100.0,100.0,100.0,100.0,,,,,81.48,81.48,81.48,81.48
93,94,,,,90.0,90.0,90.0,90.0,,,,,50.0,50.0,50.0,50.0,69.2,69.2,69.2,69.2,80.03,80.03,80.03,80.03,81.33,81.33,81.33,81.33,86.0,86.0,86,86,92.0,92.0,92.0,92.0,96.15,96.15,96.15,96.15,100.0,100.0,100.0,100.0,96.93,96.93,96.93,96.93,100.0,100.0,100.0,100.0,,,,,94.03,94.03,94.03,94.03
94,95,,,,31.25,31.25,31.25,31.25,,,,,26.32,26.32,26.32,26.32,50.8,50.8,50.8,50.8,20.39,20.39,20.39,20.39,16.0,16.0,16.0,16.0,30.0,30.0,30,30,64.0,64.0,64.0,64.0,78.45,78.45,78.45,78.45,150.0,150.0,150.0,150.0,53.0,53.0,53.0,53.0,100.0,100.0,100.0,100.0,,,,,60.98,60.98,60.98,60.98
95,96,,,,97.5,97.5,97.5,97.5,,,,,65.79,65.79,65.79,65.79,76.8,76.8,76.8,76.8,83.38,83.38,83.38,83.38,86.67,86.67,86.67,86.67,90.0,90.0,90,90,98.68,98.68,98.68,98.68,75.55,75.55,75.55,75.55,100.0,100.0,100.0,100.0,61.5,61.5,61.5,61.5,137.5,137.5,137.5,137.5,,,,,84.67,84.67,84.67,84.67
96,97,,,,95.0,95.0,95.0,145.0,,,,,33.95,33.95,33.95,33.95,0.0,0.0,0.0,0.0,70.48,70.48,70.48,70.48,58.68,58.68,58.68,58.68,88.0,88.0,88,88,,,0.0,0.0,76.5,76.5,76.5,76.5,83.5,83.5,83.5,83.5,66.87,66.87,66.87,66.87,87.5,87.5,87.5,87.5,,,,,67.07,67.07,63.72,63.72
97,98,,,,97.5,97.5,97.5,97.5,,,,,63.16,63.16,63.16,63.16,78.53,78.53,78.53,78.53,92.68,92.68,92.68,92.68,94.0,94.0,94.0,94.0,84.0,84.0,84,84,106.68,106.68,106.68,106.68,97.0,97.0,97.0,97.0,100.0,100.0,100.0,100.0,97.0,97.0,97.0,97.0,37.5,37.5,37.5,37.5,,,,,97.41,97.41,97.41,97.41
98,99,,,,85.0,85.0,85.0,85.0,,,,,52.63,52.63,52.63,52.63,53.0,53.0,53.0,53.0,67.5,67.5,67.5,67.5,96.0,96.0,96.0,96.0,48.0,48.0,48,48,76.0,76.0,76.0,76.0,78.1,78.1,78.1,78.1,83.5,83.5,83.5,83.5,95.55,95.55,95.55,95.55,87.5,87.5,87.5,87.5,,,,,82.4,82.4,82.4,82.4
99,100,,,,100.0,100.0,100.0,100.0,,,,,65.79,65.79,65.79,65.79,91.36,91.36,91.36,91.36,92.45,92.45,92.45,92.45,100.0,100.0,100.0,100.0,92.0,92.0,92,92,111.2,111.2,111.2,111.2,94.1,94.1,94.1,94.1,100.0,100.0,100.0,100.0,95.72,95.72,95.72,95.72,100.0,100.0,100.0,100.0,,,,,97.63,97.63,97.63,97.63
100,101,,,,88.75,88.75,88.75,88.75,,,,,39.47,39.47,39.47,39.47,79.52,79.52,79.52,79.52,67.11,67.11,67.11,67.11,82.0,82.0,82.0,82.0,92.0,92.0,92,92,104.0,104.0,104.0,104.0,87.95,87.95,87.95,87.95,100.0,100.0,100.0,100.0,47.42,47.42,47.42,47.42,150.0,150.0,150.0,150.0,,,,,82.23,82.23,82.23,82.23
101,102,,,,31.25,31.25,31.25,81.25,,,,,42.11,42.11,42.11,42.11,67.97,67.97,67.97,67.97,29.28,29.28,29.28,29.28,100.0,100.0,100.0,100.0,52.0,52.0,52,52,61.08,61.08,61.08,61.08,92.3,92.3,92.3,92.3,100.0,100.0,100.0,100.0,94.17,94.17,94.17,94.17,100.0,100.0,100.0,100.0,,,,,84.62,84.62,84.62,84.62
102,103,,,,92.5,92.5,92.5,92.5,,,,,60.7,60.7,60.7,60.7,82.8,82.8,82.8,82.8,81.31,81.31,81.31,81.31,98.0,98.0,98.0,98.0,92.0,92.0,92,92,101.6,101.6,101.6,101.6,96.9,96.9,96.9,96.9,200.0,200.0,200.0,200.0,90.47,90.47,90.47,90.47,150.0,150.0,150.0,150.0,,,,,99.24,99.24,99.24,99.24
103,104,,,,97.5,97.5,97.5,97.5,,,,,67.02,67.02,67.02,67.02,58.4,58.4,58.4,58.4,84.17,84.17,84.17,84.17,98.0,98.0,98.0,98.0,100.0,100.0,100,100,56.0,56.0,56.0,56.0,93.6,93.6,93.6,93.6,150.0,150.0,150.0,150.0,96.98,96.98,96.98,96.98,150.0,150.0,150.0,150.0,,,,,87.43,87.43,87.43,87.43
104,105,,,,46.25,46.25,46.25,46.25,,,,,42.11,42.11,42.11,42.11,59.92,59.92,59.92,59.92,52.41,52.41,52.41,52.41,100.0,100.0,100.0,100.0,78.0,78.0,78,78,40.8,40.8,40.8,40.8,88.3,88.3,88.3,88.3,100.0,100.0,100.0,100.0,67.33,67.33,67.33,67.33,150.0,150.0,150.0,150.0,,,,,82.49,82.49,82.49,82.49
105,106,,,,100.0,100.0,100.0,100.0,,,,,42.11,42.11,42.11,42.11,41.12,41.12,41.12,41.12,84.89,84.89,84.89,84.89,53.33,53.33,53.33,53.33,68.0,68.0,68,68,69.6,69.6,69.6,69.6,85.5,85.5,85.5,85.5,150.0,150.0,150.0,150.0,89.67,89.67,89.67,89.67,87.5,87.5,87.5,87.5,,,,,73.76,73.76,73.76,73.76
106,107,,,,97.5,97.5,97.5,97.5,,,,,76.75,76.75,76.75,76.75,77.07,77.07,77.07,77.07,93.26,93.26,93.26,93.26,100.0,100.0,100.0,100.0,98.0,98.0,98,98,92.0,92.0,92.0,92.0,95.0,95.0,95.0,95.0,200.0,200.0,200.0,200.0,87.55,87.55,87.55,87.55,200.0,200.0,200.0,200.0,,,,,103.79,103.79,103.79,103.79
107,108,,,,56.25,56.25,56.25,56.25,,,,,42.11,42.11,42.11,42.11,0.0,0.0,0.0,0.0,56.55,56.55,56.55,56.55,80.0,80.0,80.0,80.0,68.0,68.0,68,68,0.0,0.0,0.0,0.0,82.85,82.85,82.85,82.85,100.0,100.0,100.0,100.0,81.63,81.63,81.63,81.63,25.0,25.0,25.0,25.0,,,,,45.85,45.85,45.85,45.85
108,109,,,,92.5,92.5,92.5,92.5,,,,,56.58,56.58,56.58,56.58,46.4,46.4,46.4,46.4,75.12,75.12,75.12,75.12,20.0,20.0,20.0,20.0,48.0,48.0,48,48,58.68,58.68,58.68,58.68,81.25,81.25,81.25,81.25,100.0,100.0,100.0,100.0,82.83,82.83,82.83,82.83,100.0,100.0,100.0,100.0,,,,,72.38,72.38,72.38,72.38
109,110,,,,95.0,95.0,95.0,95.0,,,,,36.84,36.84,36.84,36.84,61.43,61.43,61.43,61.43,82.02,82.02,82.02,82.02,70.8,70.8,70.8,70.8,64.0,64.0,64,64,47.48,47.48,47.48,47.48,86.6,86.6,86.6,86.6,100.0,100.0,100.0,100.0,96.5,96.5,96.5,96.5,100.0,100.0,100.0,100.0,,,,,76.98,76.98,76.98,76.98
110,111,,,,95.0,95.0,95.0,95.0,,,,,57.89,57.89,57.89,57.89,45.87,45.87,45.87,45.87,73.21,73.21,73.21,73.21,65.32,65.32,65.32,65.32,72.0,72.0,72,72,68.0,68.0,68.0,68.0,83.55,83.55,83.55,83.55,100.0,100.0,100.0,100.0,72.37,72.37,72.37,72.37,100.0,100.0,100.0,100.0,,,,,69.23,69.23,69.23,69.23
111,112,,,,31.25,31.25,31.25,31.25,,,,,42.11,42.11,42.11,42.11,92.08,92.08,92.08,92.08,34.22,34.22,34.22,34.22,90.67,90.67,90.67,90.67,100.0,100.0,100,100,94.4,94.4,94.4,94.4,90.6,90.6,90.6,90.6,150.0,150.0,150.0,150.0,92.73,92.73,92.73,92.73,150.0,150.0,150.0,150.0,,,,,99.61,99.61,99.61,99.61
112,113,,,,33.75,33.75,33.75,33.75,,,,,53.95,53.95,53.95,53.95,61.09,61.09,61.09,61.09,28.46,28.46,28.46,28.46,80.0,80.0,80.0,80.0,82.0,82.0,82,82,79.2,79.2,79.2,79.2,88.75,88.75,88.75,88.75,83.5,83.5,83.5,83.5,69.5,69.5,69.5,69.5,100.0,100.0,100.0,100.0,,,,,75.02,75.02,75.02,75.02
113,114,,,,31.25,31.25,31.25,81.25,,,,,31.58,31.58,31.58,31.58,58.27,58.27,58.27,58.27,32.47,32.47,32.47,32.47,88.67,88.67,88.67,88.67,48.0,48.0,48,48,58.68,58.68,58.68,58.68,88.35,88.35,88.35,88.35,100.0,100.0,100.0,100.0,92.22,92.22,92.22,92.22,100.0,100.0,100.0,100.0,,,,,82.88,82.88,82.88,82.88
114,115,,,,95.0,95.0,95.0,95.0,,,,,50.0,50.0,50.0,50.0,71.27,71.27,71.27,71.27,86.82,86.82,86.82,86.82,96.0,96.0,96.0,96.0,100.0,100.0,100,100,80.0,80.0,80.0,80.0,97.0,97.0,97.0,97.0,100.0,100.0,100.0,100.0,97.2,97.2,97.2,97.2,150.0,150.0,150.0,150.0,,,,,96.14,96.14,96.14,96.14
115,116,,,,97.5,97.5,97.5,97.5,,,,,28.95,28.95,28.95,28.95,34.05,34.05,34.05,34.05,76.96,76.96,76.96,76.96,78.68,78.68,78.68,78.68,76.0,76.0,76,76,44.28,44.28,44.28,44.28,85.8,85.8,85.8,85.8,100.0,100.0,100.0,100.0,77.43,77.43,77.43,77.43,100.0,100.0,100.0,100.0,,,,,66.19,66.19,66.19,66.19
116,117,,,,81.88,81.88,81.88,81.88,,,,,74.21,74.21,74.21,74.21,78.88,78.88,78.88,78.88,87.73,87.73,87.73,87.73,90.67,90.67,90.67,90.67,94.0,94.0,94,94,87.48,87.48,87.48,87.48,97.1,97.1,97.1,97.1,100.0,100.0,100.0,100.0,96.6,96.6,96.6,96.6,150.0,150.0,150.0,150.0,,,,,95.29,95.29,95.29,95.29
117,118,,,,41.25,41.25,41.25,41.25,,,,,47.37,47.37,47.37,47.37,58.8,58.8,58.8,58.8,46.93,46.93,46.93,46.93,80.0,80.0,80.0,80.0,100.0,100.0,100,100,100.0,100.0,100.0,100.0,93.5,93.5,93.5,93.5,100.0,100.0,100.0,100.0,64.17,64.17,64.17,64.17,87.5,87.5,87.5,87.5,,,,,83.54,83.54,83.54,83.54
118,119,,,,58.75,58.75,58.75,58.75,,,,,36.84,36.84,36.84,36.84,11.87,11.87,11.87,11.87,57.93,57.93,57.93,57.93,64.67,64.67,64.67,64.67,26.0,26.0,26,26,25.32,25.32,25.32,25.32,81.9,81.9,81.9,81.9,91.5,91.5,91.5,91.5,77.9,77.9,77.9,77.9,100.0,100.0,100.0,100.0,,,,,49.85,49.85,49.85,49.85
119,120,,,,100.0,100.0,100.0,100.0,,,,,78.95,78.95,78.95,78.95,95.2,95.2,95.2,95.2,96.63,96.63,96.63,96.63,100.0,100.0,100.0,100.0,88.0,88.0,88,88,108.0,108.0,108.0,108.0,95.25,95.25,95.25,95.25,200.0,200.0,200.0,200.0,98.0,98.0,98.0,98.0,200.0,200.0,200.0,200.0,,,,,107.9,107.9,107.9,107.9
120,121,,,,97.5,97.5,97.5,97.5,,,,,78.95,78.95,78.95,78.95,49.47,49.47,49.47,49.47,90.87,90.87,90.87,90.87,76.0,76.0,76.0,76.0,60.0,60.0,60,60,68.0,68.0,68.0,68.0,91.3,91.3,91.3,91.3,200.0,200.0,200.0,200.0,89.15,89.15,89.15,89.15,150.0,150.0,150.0,150.0,,,,,89.76,89.76,89.76,89.76
121,122,,,,100.0,100.0,100.0,100.0,,,,,57.89,57.89,57.89,57.89,44.61,44.61,44.61,44.61,81.2,81.2,81.2,81.2,70.67,70.67,70.67,70.67,76.0,76.0,76,76,86.4,86.4,86.4,86.4,82.13,82.13,82.13,82.13,150.0,150.0,150.0,150.0,63.74,63.74,63.74,63.74,100.0,100.0,100.0,100.0,,,,,68.24,68.24,68.24,68.24
122,"Student, Test",4398467.0,,71ec4d15f0d89176a179b77d89607b8cc6101165,,,0.0,0.0,,,,,0.0,0.0,0.0,0.0,0.0,0.0,0.0,0.0,0.0,0.0,0.0,0.0,100.0,100.0,100.0,100.0,100.0,100.0,100,100,100.0,100.0,100.0,100.0,100.0,100.0,100.0,100.0,100.0,100.0,100.0,100.0,100.0,100.0,100.0,100.0,100.0,100.0,100.0,100.0,,,,,100.0,100.0,100.0,100.0
123,1,,,,,,,,,,,,65.0,65.0,30.95,30.95,,,,,62.57,62.57,62.57,62.57,70.67,70.67,70.67,70.67,80.0,80.0,80,80,72.67,72.67,72.67,72.67,88.28,88.28,88.28,88.28,83.5,83.5,83.5,83.5,93.18,93.18,93.18,93.18,200.0,200.0,200.0,200.0,,,,,78.17,78.17,78.17,78.17
124,2,,,,,,,,,,,,66.67,66.67,25.4,25.4,,,,,63.31,63.31,63.31,63.31,77.33,77.33,77.33,77.33,66.0,66.0,66,66,56.0,56.0,56.0,56.0,77.18,77.18,77.18,77.18,150.0,150.0,150.0,150.0,69.25,69.25,69.25,69.25,156.5,156.5,156.5,156.5,,,,,74.65,74.65,74.65,74.65
125,3,,,,,,,,,,,,57.89,57.89,52.38,52.38,,,,,80.13,80.13,80.13,80.13,100.0,100.0,100.0,100.0,100.0,100.0,100,100,74.0,74.0,74.0,74.0,86.83,86.83,86.83,86.83,100.0,100.0,100.0,100.0,88.06,88.06,88.06,88.06,200.0,200.0,200.0,200.0,,,,,93.48,93.48,93.48,93.48
126,4,,,,,,,,,,,,55.09,55.09,47.22,47.22,,,,,78.77,78.77,78.77,78.77,86.67,86.67,86.67,86.67,100.0,100.0,100,100,100.0,100.0,100.0,100.0,89.45,89.45,89.45,89.45,150.0,150.0,150.0,150.0,92.88,92.88,92.88,92.88,250.0,250.0,250.0,250.0,,,,,94.32,94.32,94.32,94.32
127,5,,,,,,,,,,,,62.75,62.75,50.79,50.79,,,,,85.02,85.02,85.02,85.02,88.67,88.67,88.67,88.67,86.0,86.0,86,86,100.0,100.0,100.0,100.0,90.75,90.75,90.75,90.75,150.0,150.0,150.0,150.0,90.63,90.63,90.63,90.63,200.0,200.0,200.0,200.0,,,,,97.95,97.95,97.95,97.95
128,6,,,,,,,,,,,,71.43,71.43,23.81,23.81,,,,,56.04,56.04,56.04,56.04,72.0,72.0,72.0,72.0,64.0,64.0,64,64,76.67,76.67,76.67,76.67,75.2,75.2,75.2,75.2,100.0,100.0,100.0,100.0,78.56,78.56,78.56,78.56,200.0,200.0,200.0,200.0,,,,,70.85,70.85,70.85,70.85
129,7,,,,,,,,,,,,70.83,70.83,40.48,40.48,,,,,67.47,67.47,67.47,67.47,52.67,52.67,52.67,52.67,94.0,94.0,94,94,78.0,78.0,78.0,78.0,86.55,86.55,86.55,86.55,100.0,100.0,100.0,100.0,89.57,89.57,89.57,89.57,200.0,200.0,200.0,200.0,,,,,82.03,82.03,82.03,82.03
130,8,,,,,,,,,,,,61.54,61.54,38.1,38.1,,,,,53.41,53.41,53.41,53.41,46.67,46.67,46.67,46.67,88.0,88.0,88,88,66.0,66.0,66.0,66.0,67.47,67.47,67.47,67.47,100.0,100.0,100.0,100.0,80.1,80.1,80.1,80.1,225.0,225.0,225.0,225.0,,,,,68.61,68.61,68.61,68.61
131,9,,,,,,,,,,,,70.0,70.0,66.67,66.67,,,,,60.22,60.22,60.22,60.22,63.33,63.33,63.33,63.33,86.0,86.0,86,86,50.67,50.67,50.67,50.67,88.38,88.38,88.38,88.38,150.0,150.0,150.0,150.0,95.89,95.89,95.89,95.89,300.0,300.0,300.0,300.0,,,,,79.32,79.32,79.32,79.32
132,10,,,,,,,,,,,,52.5,52.5,50.0,50.0,,,,,58.14,58.14,58.14,58.14,84.0,84.0,84.0,84.0,88.0,88.0,88,88,83.0,83.0,83.0,83.0,86.35,86.35,86.35,86.35,150.0,150.0,150.0,150.0,86.23,86.23,86.23,86.23,275.0,275.0,275.0,275.0,,,,,79.22,79.22,79.22,79.22
133,11,,,,,,,,,,,,65.91,65.91,34.52,34.52,,,,,44.17,44.17,44.17,44.17,42.0,42.0,42.0,42.0,62.0,62.0,62,62,72.0,72.0,72.0,72.0,80.71,80.71,80.71,80.71,100.0,100.0,100.0,100.0,78.48,78.48,78.48,78.48,244.0,244.0,244.0,244.0,,,,,62.59,62.59,62.59,62.59
134,12,,,,,,,,,,,,75.0,75.0,42.86,42.86,,,,,77.89,77.89,77.89,77.89,84.0,84.0,84.0,84.0,90.0,90.0,90,90,88.0,88.0,88.0,88.0,92.58,92.58,92.58,92.58,200.0,200.0,200.0,200.0,90.35,90.35,90.35,90.35,350.0,350.0,350.0,350.0,,,,,94.09,94.09,94.09,94.09
135,13,,,,,,,,,,,,83.33,83.33,71.43,71.43,,,,,92.36,92.36,92.36,92.36,100.0,100.0,100.0,100.0,100.0,100.0,100,100,100.0,100.0,100.0,100.0,97.33,97.33,97.33,97.33,150.0,150.0,150.0,150.0,99.0,99.0,99.0,99.0,300.0,300.0,300.0,300.0,,,,,106.19,106.19,106.19,106.19
136,14,,,,,,,,,,,,83.33,83.33,35.71,35.71,,,,,66.12,66.12,66.12,66.12,100.0,100.0,100.0,100.0,58.0,58.0,58,58,80.0,80.0,80.0,80.0,89.02,89.02,89.02,89.02,150.0,150.0,150.0,150.0,90.26,90.26,90.26,90.26,200.0,200.0,200.0,200.0,,,,,82.28,82.28,82.28,82.28
137,15,,,,,,,,,,,,77.94,77.94,77.94,77.94,,,,,94.3,94.3,94.3,94.3,98.0,98.0,98.0,98.0,96.0,96.0,96,96,88.68,88.68,88.68,88.68,98.67,98.67,98.67,98.67,150.0,150.0,150.0,150.0,99.33,99.33,99.33,99.33,300.0,300.0,300.0,300.0,,,,,107.47,107.47,107.47,107.47
138,16,,,,,,,,,,,,57.69,57.69,35.71,35.71,,,,,65.83,65.83,65.83,65.83,81.33,81.33,81.33,81.33,100.0,100.0,100,100,72.0,72.0,72.0,72.0,97.33,97.33,97.33,97.33,150.0,150.0,150.0,150.0,99.33,99.33,99.33,99.33,225.0,225.0,225.0,225.0,,,,,85.28,85.28,85.28,85.28
139,17,,,,,,,,,,,,71.88,71.88,54.76,54.76,,,,,75.09,75.09,75.09,75.09,98.0,98.0,98.0,98.0,80.0,80.0,80,80,90.0,90.0,90.0,90.0,89.62,89.62,89.62,89.62,100.0,100.0,100.0,100.0,93.15,93.15,93.15,93.15,200.0,200.0,200.0,200.0,,,,,90.06,90.06,90.06,90.06
140,18,,,,,,,,,,,,71.43,71.43,23.81,23.81,,,,,63.52,63.52,63.52,63.52,81.33,81.33,81.33,81.33,76.0,76.0,76,76,70.0,70.0,70.0,70.0,94.97,94.97,94.97,94.97,100.0,100.0,100.0,100.0,90.47,90.47,90.47,90.47,175.0,175.0,175.0,175.0,,,,,78.76,78.76,78.76,78.76
141,19,,,,,,,,,,,,85.0,85.0,80.95,80.95,,,,,84.8,84.8,84.8,84.8,44.67,44.67,44.67,44.67,84.0,84.0,84,84,100.0,100.0,100.0,100.0,93.62,93.62,93.62,93.62,100.0,100.0,100.0,100.0,95.77,95.77,95.77,95.77,194.0,194.0,194.0,194.0,,,,,96.65,96.65,96.65,96.65
142,20,,,,,,,,,,,,80.0,80.0,76.19,76.19,,,,,52.46,52.46,52.46,52.46,60.67,60.67,60.67,60.67,100.0,100.0,100,100,60.0,60.0,60.0,60.0,80.69,80.69,80.69,80.69,150.0,150.0,150.0,150.0,81.84,81.84,81.84,81.84,200.0,200.0,200.0,200.0,,,,,73.45,73.45,73.45,73.45
143,21,,,,,,,,,,,,90.91,90.91,47.62,47.62,,,,,64.11,64.11,64.11,64.11,88.67,88.67,88.67,88.67,86.0,86.0,86,86,42.0,42.0,42.0,42.0,90.35,90.35,90.35,90.35,100.0,100.0,100.0,100.0,84.69,84.69,84.69,84.69,250.0,250.0,250.0,250.0,,,,,80.07,80.07,80.07,80.07
144,22,,,,,,,,,,,,78.08,78.08,48.33,48.33,,,,,76.17,76.17,76.17,76.17,92.68,92.68,92.68,92.68,74.0,74.0,74,74,66.0,66.0,66.0,66.0,79.15,79.15,79.15,79.15,100.0,100.0,100.0,100.0,85.4,85.4,85.4,85.4,175.0,175.0,175.0,175.0,,,,,87.03,87.03,87.03,87.03
145,23,,,,,,,,,,,,76.19,76.19,76.19,76.19,,,,,68.48,68.48,68.48,68.48,79.33,79.33,79.33,79.33,86.0,86.0,86,86,66.0,66.0,66.0,66.0,74.0,74.0,74.0,74.0,100.0,100.0,100.0,100.0,72.52,72.52,72.52,72.52,250.0,250.0,250.0,250.0,,,,,81.46,81.46,81.46,81.46
146,24,,,,,,,,,,,,97.19,97.19,87.94,87.94,,,,,78.51,78.51,78.51,78.51,100.0,100.0,100.0,100.0,97.0,97.0,97,97,100.0,100.0,100.0,100.0,88.13,88.13,88.13,88.13,150.0,150.0,150.0,150.0,93.11,93.11,93.11,93.11,275.0,275.0,275.0,275.0,,,,,96.87,96.87,96.87,96.87
147,25,,,,,,,,,,,,60.0,60.0,57.14,57.14,,,,,65.17,65.17,65.17,65.17,53.33,53.33,53.33,53.33,81.0,81.0,81,81,76.0,76.0,76.0,76.0,80.3,80.3,80.3,80.3,150.0,150.0,150.0,150.0,92.33,92.33,92.33,92.33,225.0,225.0,225.0,225.0,,,,,80.92,80.92,80.92,80.92
148,26,,,,,,,,,,,,72.62,72.62,72.62,72.62,,,,,78.37,78.37,78.37,78.37,90.68,90.68,90.68,90.68,84.0,84.0,84,84,62.68,62.68,62.68,62.68,97.03,97.03,97.03,97.03,200.0,200.0,200.0,200.0,84.66,84.66,84.66,84.66,300.0,300.0,300.0,300.0,,,,,93.38,93.38,93.38,93.38
149,27,,,,,,,,,,,,76.19,76.19,50.79,50.79,,,,,70.04,70.04,70.04,70.04,47.33,47.33,47.33,47.33,30.0,30.0,30,30,78.0,78.0,78.0,78.0,74.22,74.22,74.22,74.22,100.0,100.0,100.0,100.0,63.12,63.12,63.12,63.12,175.0,175.0,175.0,175.0,,,,,77.21,77.21,77.21,77.21
150,28,,,,,,,,,,,,56.25,56.25,53.57,53.57,,,,,54.32,54.32,54.32,54.32,74.68,74.68,74.68,74.68,50.0,50.0,50,50,88.0,88.0,88.0,88.0,81.03,81.03,81.03,81.03,150.0,150.0,150.0,150.0,88.4,88.4,88.4,88.4,200.0,200.0,200.0,200.0,,,,,72.92,72.92,72.92,72.92
151,29,,,,,,,,,,,,60.71,60.71,40.48,40.48,,,,,71.07,71.07,71.07,71.07,64.0,64.0,64.0,64.0,72.0,72.0,72,72,80.0,80.0,80.0,80.0,95.38,95.38,95.38,95.38,100.0,100.0,100.0,100.0,89.34,89.34,89.34,89.34,175.0,175.0,175.0,175.0,,,,,84.47,84.47,84.47,84.47
152,30,,,,,,,,,,,,76.92,76.92,47.62,47.62,,,,,73.91,73.91,73.91,73.91,73.33,73.33,73.33,73.33,86.0,86.0,86,86,100.0,100.0,100.0,100.0,92.13,92.13,92.13,92.13,100.0,100.0,100.0,100.0,93.27,93.27,93.27,93.27,250.0,250.0,250.0,250.0,,,,,88.54,88.54,88.54,88.54
153,31,,,,,,,,,,,,63.24,63.24,51.19,51.19,,,,,67.93,67.93,67.93,67.93,90.67,90.67,90.67,90.67,96.0,96.0,96,96,64.67,64.67,64.67,64.67,86.67,86.67,86.67,86.67,150.0,150.0,150.0,150.0,82.32,82.32,82.32,82.32,400.0,400.0,400.0,400.0,,,,,85.77,85.77,85.77,85.77
154,32,,,,,,,,,,,,75.0,75.0,28.57,28.57,,,,,61.89,61.89,61.89,61.89,76.67,76.67,76.67,76.67,78.0,78.0,78,78,70.67,70.67,70.67,70.67,81.95,81.95,81.95,81.95,150.0,150.0,150.0,150.0,50.51,50.51,50.51,50.51,225.0,225.0,225.0,225.0,,,,,74.39,74.39,74.39,74.39
155,33,,,,,,,,,,,,68.75,68.75,52.38,52.38,,,,,50.01,50.01,50.01,50.01,70.67,70.67,70.67,70.67,88.0,88.0,88,88,100.0,100.0,100.0,100.0,83.55,83.55,83.55,83.55,150.0,150.0,150.0,150.0,92.23,92.23,92.23,92.23,250.0,250.0,250.0,250.0,,,,,74.59,74.59,74.59,74.59
156,34,,,,,,,,,,,,36.36,36.36,19.05,19.05,,,,,50.51,50.51,50.51,50.51,69.32,69.32,69.32,69.32,40.0,40.0,40,40,54.68,54.68,54.68,54.68,20.47,20.47,20.47,20.47,100.0,100.0,100.0,100.0,69.06,69.06,69.06,69.06,250.0,250.0,250.0,250.0,,,,,60.21,60.21,60.21,60.21
157,35,,,,,,,,,,,,61.9,61.9,41.27,41.27,,,,,63.7,63.7,63.7,63.7,44.0,44.0,44.0,44.0,80.0,80.0,80,80,74.68,74.68,74.68,74.68,88.67,88.67,88.67,88.67,150.0,150.0,150.0,150.0,90.46,90.46,90.46,90.46,175.0,175.0,175.0,175.0,,,,,79.75,79.75,79.75,79.75
158,36,,,,,,,,,,,,61.9,61.9,41.27,41.27,,,,,47.82,47.82,47.82,47.82,71.33,71.33,71.33,71.33,64.0,64.0,64,64,64.0,64.0,64.0,64.0,77.0,77.0,77.0,77.0,100.0,100.0,100.0,100.0,83.72,83.72,83.72,83.72,250.0,250.0,250.0,250.0,,,,,66.9,66.9,66.9,66.9
159,37,,,,,,,,,,,,80.56,80.56,69.05,69.05,,,,,51.5,51.5,51.5,51.5,71.33,71.33,71.33,71.33,56.0,56.0,56,56,26.67,26.67,26.67,26.67,80.04,80.04,80.04,80.04,150.0,150.0,150.0,150.0,72.87,72.87,72.87,72.87,175.0,175.0,175.0,175.0,,,,,67.44,67.44,67.44,67.44
160,38,,,,,,,,,,,,86.51,86.51,86.51,86.51,,,,,80.53,80.53,80.53,80.53,90.67,90.67,90.67,90.67,96.0,96.0,96,96,100.0,100.0,100.0,100.0,95.1,95.1,95.1,95.1,150.0,150.0,150.0,150.0,95.08,95.08,95.08,95.08,300.0,300.0,300.0,300.0,,,,,98.47,98.47,98.47,98.47
161,39,,,,,,,,,,,,50.0,50.0,40.48,40.48,,,,,62.26,62.26,62.26,62.26,81.33,81.33,81.33,81.33,72.0,72.0,72,72,94.0,94.0,94.0,94.0,74.98,74.98,74.98,74.98,100.0,100.0,100.0,100.0,86.56,86.56,86.56,86.56,250.0,250.0,250.0,250.0,,,,,80.06,80.06,80.06,80.06
162,40,,,,,,,,,,,,62.5,62.5,23.81,23.81,,,,,53.57,53.57,53.57,53.57,81.33,81.33,81.33,81.33,22.0,22.0,22,22,54.0,54.0,54.0,54.0,80.04,80.04,80.04,80.04,100.0,100.0,100.0,100.0,62.03,62.03,62.03,62.03,75.0,75.0,75.0,75.0,,,,,65.16,65.16,65.16,65.16
163,41,,,,,,,,,,,,60.56,60.56,51.9,51.9,,,,,42.37,42.37,42.37,42.37,77.33,77.33,77.33,77.33,66.0,66.0,66,66,60.67,60.67,60.67,60.67,61.0,61.0,61.0,61.0,100.0,100.0,100.0,100.0,64.27,64.27,64.27,64.27,150.0,150.0,150.0,150.0,,,,,60.39,60.39,60.39,60.39
164,42,,,,,,,,,,,,61.59,61.59,61.59,61.59,,,,,61.63,61.63,61.63,61.63,82.68,82.68,82.68,82.68,86.0,86.0,86,86,96.0,96.0,96.0,96.0,76.88,76.88,76.88,76.88,150.0,150.0,150.0,150.0,87.22,87.22,87.22,87.22,175.0,175.0,175.0,175.0,,,,,80.44,80.44,80.44,80.44
165,43,,,,,,,,,,,,59.62,59.62,36.9,36.9,,,,,79.83,79.83,79.83,79.83,96.0,96.0,96.0,96.0,80.0,80.0,80,80,84.0,84.0,84.0,84.0,95.68,95.68,95.68,95.68,100.0,100.0,100.0,100.0,96.87,96.87,96.87,96.87,300.0,300.0,300.0,300.0,,,,,93.74,93.74,93.74,93.74
166,44,,,,,,,,,,,,55.5,55.5,52.86,52.86,,,,,70.97,70.97,70.97,70.97,73.33,73.33,73.33,73.33,64.0,64.0,64,64,84.68,84.68,84.68,84.68,84.87,84.87,84.87,84.87,100.0,100.0,100.0,100.0,95.51,95.51,95.51,95.51,156.5,156.5,156.5,156.5,,,,,84.9,84.9,84.9,84.9
167,45,,,,,,,,,,,,85.19,85.19,36.51,36.51,,,,,90.93,90.93,90.93,90.93,98.0,98.0,98.0,98.0,68.0,68.0,68,68,84.0,84.0,84.0,84.0,97.33,97.33,97.33,97.33,100.0,100.0,100.0,100.0,91.36,91.36,91.36,91.36,75.0,75.0,75.0,75.0,,,,,98.64,98.64,98.64,98.64
168,46,,,,,,,,,,,,53.33,53.33,50.79,50.79,,,,,65.79,65.79,65.79,65.79,68.0,68.0,68.0,68.0,70.0,70.0,70,70,90.67,90.67,90.67,90.67,62.33,62.33,62.33,62.33,100.0,100.0,100.0,100.0,58.29,58.29,58.29,58.29,300.0,300.0,300.0,300.0,,,,,77.58,77.58,77.58,77.58
169,47,,,,,,,,,,,,67.5,67.5,64.29,64.29,,,,,65.65,65.65,65.65,65.65,88.67,88.67,88.67,88.67,80.0,80.0,80,80,51.32,51.32,51.32,51.32,84.47,84.47,84.47,84.47,100.0,100.0,100.0,100.0,82.99,82.99,82.99,82.99,200.0,200.0,200.0,200.0,,,,,80.89,80.89,80.89,80.89
170,48,,,,,,,,,,,,75.63,75.63,75.63,75.63,,,,,78.62,78.62,78.62,78.62,98.0,98.0,98.0,98.0,100.0,100.0,100,100,80.0,80.0,80.0,80.0,83.75,83.75,83.75,83.75,150.0,150.0,150.0,150.0,94.36,94.36,94.36,94.36,275.0,275.0,275.0,275.0,,,,,95.87,95.87,95.87,95.87
171,49,,,,,,,,,,,,61.11,61.11,26.19,26.19,,,,,67.88,67.88,67.88,67.88,100.0,100.0,100.0,100.0,86.0,86.0,86,86,54.0,54.0,54.0,54.0,83.67,83.67,83.67,83.67,150.0,150.0,150.0,150.0,81.17,81.17,81.17,81.17,250.0,250.0,250.0,250.0,,,,,83.14,83.14,83.14,83.14
172,50,,,,,,,,,,,,59.26,59.26,25.4,25.4,,,,,70.68,70.68,70.68,70.68,65.33,65.33,65.33,65.33,86.0,86.0,86,86,92.0,92.0,92.0,92.0,78.07,78.07,78.07,78.07,100.0,100.0,100.0,100.0,80.44,80.44,80.44,80.44,200.0,200.0,200.0,200.0,,,,,83.71,83.71,83.71,83.71
173,51,,,,,,,,,,,,85.71,85.71,28.57,28.57,,,,,47.6,47.6,47.6,47.6,26.0,26.0,26.0,26.0,64.0,64.0,64,64,56.67,56.67,56.67,56.67,73.71,73.71,73.71,73.71,83.5,83.5,83.5,83.5,78.63,78.63,78.63,78.63,150.0,150.0,150.0,150.0,,,,,60.85,60.85,60.85,60.85
174,52,,,,,,,,,,,,73.53,73.53,59.52,59.52,,,,,74.42,74.42,74.42,74.42,98.0,98.0,98.0,98.0,94.0,94.0,94,94,84.0,84.0,84.0,84.0,94.0,94.0,94.0,94.0,100.0,100.0,100.0,100.0,86.01,86.01,86.01,86.01,225.0,225.0,225.0,225.0,,,,,90.73,90.73,90.73,90.73
175,53,,,,,,,,,,,,57.14,57.14,38.1,38.1,,,,,61.11,61.11,61.11,61.11,73.33,73.33,73.33,73.33,82.0,82.0,82,82,46.67,46.67,46.67,46.67,82.5,82.5,82.5,82.5,100.0,100.0,100.0,100.0,90.82,90.82,90.82,90.82,194.0,194.0,194.0,194.0,,,,,75.64,75.64,75.64,75.64
176,54,,,,,,,,,,,,94.44,94.44,40.48,40.48,,,,,64.82,64.82,64.82,64.82,96.0,96.0,96.0,96.0,68.0,68.0,68,68,82.0,82.0,82.0,82.0,91.55,91.55,91.55,91.55,100.0,100.0,100.0,100.0,64.67,64.67,64.67,64.67,175.0,175.0,175.0,175.0,,,,,79.48,79.48,79.48,79.48
177,55,,,,,,,,,,,,85.0,85.0,40.48,40.48,,,,,55.31,55.31,55.31,55.31,88.0,88.0,88.0,88.0,68.0,68.0,68,68,62.67,62.67,62.67,62.67,92.0,92.0,92.0,92.0,0.0,0.0,0.0,0.0,79.29,79.29,79.29,79.29,125.0,125.0,125.0,125.0,,,,,71.24,71.24,71.24,71.24
178,56,,,,,,,,,,,,92.86,92.86,92.86,92.86,,,,,85.73,85.73,85.73,85.73,90.67,90.67,90.67,90.67,94.0,94.0,94,94,80.0,80.0,80.0,80.0,97.33,97.33,97.33,97.33,150.0,150.0,150.0,150.0,83.66,83.66,83.66,83.66,275.0,275.0,275.0,275.0,,,,,99.77,99.77,99.77,99.77
179,57,,,,,,,,,,,,49.21,49.21,49.21,49.21,,,,,61.4,61.4,61.4,61.4,92.0,92.0,92.0,92.0,70.0,70.0,70,70,50.67,50.67,50.67,50.67,81.0,81.0,81.0,81.0,100.0,100.0,100.0,100.0,79.63,79.63,79.63,79.63,250.0,250.0,250.0,250.0,,,,,77.33,77.33,77.33,77.33
180,58,,,,,,,,,,,,52.63,52.63,47.62,47.62,,,,,54.17,54.17,54.17,54.17,63.33,63.33,63.33,63.33,92.0,92.0,92,92,72.0,72.0,72.0,72.0,94.63,94.63,94.63,94.63,100.0,100.0,100.0,100.0,91.75,91.75,91.75,91.75,250.0,250.0,250.0,250.0,,,,,75.88,75.88,75.88,75.88
181,59,,,,,,,,,,,,36.51,36.51,36.51,36.51,,,,,53.76,53.76,53.76,53.76,57.33,57.33,57.33,57.33,62.0,62.0,62,62,62.67,62.67,62.67,62.67,89.18,89.18,89.18,89.18,100.0,100.0,100.0,100.0,77.57,77.57,77.57,77.57,250.0,250.0,250.0,250.0,,,,,69.76,69.76,69.76,69.76
182,60,,,,,,,,,,,,76.19,76.19,76.19,76.19,,,,,89.42,89.42,89.42,89.42,100.0,100.0,100.0,100.0,86.0,86.0,86,86,100.0,100.0,100.0,100.0,91.7,91.7,91.7,91.7,200.0,200.0,200.0,200.0,99.28,99.28,99.28,99.28,250.0,250.0,250.0,250.0,,,,,103.47,103.47,103.47,103.47
183,61,,,,,,,,,,,,73.33,73.33,69.84,69.84,,,,,53.41,53.41,53.41,53.41,58.68,58.68,58.68,58.68,94.0,94.0,94,94,82.0,82.0,82.0,82.0,82.28,82.28,82.28,82.28,100.0,100.0,100.0,100.0,81.29,81.29,81.29,81.29,300.0,300.0,300.0,300.0,,,,,74.99,74.99,74.99,74.99
184,62,,,,,,,,,,,,71.43,71.43,71.43,71.43,,,,,83.73,83.73,83.73,83.73,88.67,88.67,88.67,88.67,92.0,92.0,92,92,100.0,100.0,100.0,100.0,98.67,98.67,98.67,98.67,100.0,100.0,100.0,100.0,82.33,82.33,82.33,82.33,275.0,275.0,275.0,275.0,,,,,97.66,97.66,97.66,97.66
185,63,,,,,,,,,,,,55.0,55.0,52.38,52.38,,,,,57.52,57.52,57.52,57.52,65.33,65.33,65.33,65.33,96.0,96.0,96,96,72.0,72.0,72.0,72.0,84.9,84.9,84.9,84.9,100.0,100.0,100.0,100.0,91.83,91.83,91.83,91.83,225.0,225.0,225.0,225.0,,,,,76.9,76.9,76.9,76.9
186,64,,,,,,,,,,,,80.0,80.0,38.1,38.1,,,,,58.55,58.55,58.55,58.55,80.0,80.0,80.0,80.0,80.0,80.0,80,80,52.68,52.68,52.68,52.68,75.52,75.52,75.52,75.52,100.0,100.0,100.0,100.0,76.72,76.72,76.72,76.72,175.0,175.0,175.0,175.0,,,,,73.36,73.36,73.36,73.36
187,65,,,,,,,,,,,,81.25,81.25,30.95,30.95,,,,,62.84,62.84,62.84,62.84,44.67,44.67,44.67,44.67,92.0,92.0,92,92,66.0,66.0,66.0,66.0,85.27,85.27,85.27,85.27,100.0,100.0,100.0,100.0,91.7,91.7,91.7,91.7,250.0,250.0,250.0,250.0,,,,,77.77,77.77,77.77,77.77
188,66,,,,,,,,,,,,62.5,62.5,23.81,23.81,,,,,51.26,51.26,51.26,51.26,75.33,75.33,75.33,75.33,86.0,86.0,86,86,72.0,72.0,72.0,72.0,86.87,86.87,86.87,86.87,100.0,100.0,100.0,100.0,78.45,78.45,78.45,78.45,250.0,250.0,250.0,250.0,,,,,70.3,70.3,70.3,70.3
189,67,,,,,,,,,,,,66.18,66.18,53.57,53.57,,,,,57.76,57.76,57.76,57.76,78.68,78.68,78.68,78.68,62.0,62.0,62,62,70.67,70.67,70.67,70.67,74.53,74.53,74.53,74.53,100.0,100.0,100.0,100.0,86.72,86.72,86.72,86.72,206.5,206.5,206.5,206.5,,,,,74.59,74.59,74.59,74.59
190,68,,,,,,,,,,,,72.73,72.73,38.1,38.1,,,,,77.39,77.39,77.39,77.39,68.0,68.0,68.0,68.0,100.0,100.0,100,100,94.0,94.0,94.0,94.0,90.8,90.8,90.8,90.8,150.0,150.0,150.0,150.0,94.53,94.53,94.53,94.53,250.0,250.0,250.0,250.0,,,,,93.29,93.29,93.29,93.29
191,69,,,,,,,,,,,,100.0,100.0,33.33,33.33,,,,,58.48,58.48,58.48,58.48,52.67,52.67,52.67,52.67,50.0,50.0,50,50,82.0,82.0,82.0,82.0,91.4,91.4,91.4,91.4,100.0,100.0,100.0,100.0,89.02,89.02,89.02,89.02,100.0,100.0,100.0,100.0,,,,,73.2,73.2,73.2,73.2
192,70,,,,,,,,,,,,71.05,71.05,64.29,64.29,,,,,79.98,79.98,79.98,79.98,96.0,96.0,96.0,96.0,100.0,100.0,100,100,100.0,100.0,100.0,100.0,87.18,87.18,87.18,87.18,200.0,200.0,200.0,200.0,89.49,89.49,89.49,89.49,175.0,175.0,175.0,175.0,,,,,96.21,96.21,96.21,96.21
193,"Student, Test",4368606.0,,a7e9564166ac5a6712030394d8d064e31f8d2dd1,,,,,,,,,,,0.0,0.0,,,,,,,0.0,0.0,,,0.0,0.0,,,0,0,,,0.0,0.0,50.0,50.0,50.0,50.0,,,0.0,0.0,51.0,51.0,51.0,51.0,,,0.0,0.0,,,,,50.5,50.5,9.09,9.09
194,1,,,,,,,,,,,,57.89,57.89,57.89,57.89,,,0.0,0.0,65.56,65.56,63.61,63.61,47.32,47.32,47.32,47.32,82.0,82.0,82,82,88.0,88.0,88.0,88.0,92.1,92.1,92.1,92.1,100.0,100.0,100.0,100.0,96.5,96.5,96.5,96.5,75.0,75.0,75.0,75.0,,,,,80.04,80.04,80.04,80.04
195,2,,,,,,,,,,,,36.84,36.84,36.84,36.84,,,0.0,0.0,76.19,76.19,73.91,73.91,62.68,62.68,62.68,62.68,88.0,88.0,88,88,100.0,100.0,100.0,100.0,91.4,91.4,91.4,91.4,100.0,100.0,100.0,100.0,73.85,73.85,73.85,73.85,150.0,150.0,150.0,150.0,,,,,87.42,87.42,87.42,87.42
196,3,,,,,,,,,,,,67.37,67.37,67.37,67.37,0.0,0.0,0.0,0.0,64.67,64.67,62.74,62.74,74.67,74.67,74.67,74.67,78.0,78.0,78,78,57.32,57.32,57.32,57.32,88.95,88.95,88.95,88.95,150.0,150.0,150.0,150.0,94.6,94.6,94.6,94.6,200.0,200.0,200.0,200.0,,,,,85.46,85.46,85.46,85.46
197,4,,,,,,,,,,,,47.37,47.37,47.37,47.37,,,0.0,0.0,62.6,62.6,60.74,60.74,78.0,78.0,78.0,78.0,76.0,76.0,76,76,60.68,60.68,60.68,60.68,95.2,95.2,95.2,95.2,133.5,133.5,133.5,133.5,84.2,84.2,84.2,84.2,125.0,125.0,125.0,125.0,,,,,81.31,81.31,81.31,81.31
198,5,,,,,,,,,,,,31.58,31.58,31.58,31.58,,,0.0,0.0,54.96,54.96,53.32,53.32,50.0,50.0,50.0,50.0,58.0,58.0,58,58,70.0,70.0,70.0,70.0,85.0,85.0,85.0,85.0,100.0,100.0,100.0,100.0,81.98,81.98,81.98,81.98,100.0,100.0,100.0,100.0,,,,,69.51,69.51,69.51,69.51
199,6,,,,,,,,,,,,31.58,31.58,31.58,31.58,,,0.0,0.0,64.56,64.56,62.64,62.64,86.68,86.68,86.68,86.68,70.0,70.0,70,70,96.0,96.0,96.0,96.0,96.08,96.08,96.08,96.08,150.0,150.0,150.0,150.0,87.4,87.4,87.4,87.4,150.0,150.0,150.0,150.0,,,,,83.26,83.26,83.26,83.26
200,7,,,,,,,,,,,,47.37,47.37,47.37,47.37,,,0.0,0.0,56.57,56.57,54.89,54.89,36.0,36.0,36.0,36.0,50.0,50.0,50,50,88.0,88.0,88.0,88.0,90.2,90.2,90.2,90.2,100.0,100.0,100.0,100.0,84.32,84.32,84.32,84.32,100.0,100.0,100.0,100.0,,,,,70.06,70.06,70.06,70.06
201,8,,,,,,,,,,,,47.37,47.37,47.37,47.37,,,0.0,0.0,31.22,31.22,30.29,30.29,32.0,32.0,32.0,32.0,42.0,42.0,42,42,37.32,37.32,37.32,37.32,82.85,82.85,82.85,82.85,150.0,150.0,150.0,150.0,60.23,60.23,60.23,60.23,125.0,125.0,125.0,125.0,,,,,50.6,50.6,50.6,50.6
202,9,,,,,,,,,,,,5.26,5.26,5.26,5.26,,,0.0,0.0,56.26,56.26,54.58,54.58,73.33,73.33,73.33,73.33,94.0,94.0,94,94,54.68,54.68,54.68,54.68,61.43,61.43,61.43,61.43,50.0,50.0,50.0,50.0,66.55,66.55,66.55,66.55,100.0,100.0,100.0,100.0,,,,,69.54,69.54,69.54,69.54
203,10,,,,,,,,,,,,48.68,48.68,48.68,48.68,,,0.0,0.0,46.24,46.24,44.86,44.86,58.67,58.67,58.67,58.67,34.0,34.0,34,34,70.68,70.68,70.68,70.68,87.43,87.43,87.43,87.43,150.0,150.0,150.0,150.0,82.13,82.13,82.13,82.13,75.0,75.0,75.0,75.0,,,,,62.73,62.73,62.73,62.73
204,11,,,,,,,,,,,,42.11,42.11,42.11,42.11,100.0,100.0,100.0,100.0,62.79,62.79,60.92,60.92,66.68,66.68,66.68,66.68,94.0,94.0,94,94,78.0,78.0,78.0,78.0,97.45,97.45,97.45,97.45,150.0,150.0,150.0,150.0,81.2,81.2,81.2,81.2,200.0,200.0,200.0,200.0,,,,,81.89,81.89,81.89,81.89
205,12,,,,,,,,,,,,38.6,38.6,38.6,38.6,,,0.0,0.0,63.77,63.77,61.87,61.87,96.0,96.0,96.0,96.0,100.0,100.0,100,100,82.0,82.0,82.0,82.0,99.25,99.25,99.25,99.25,100.0,100.0,100.0,100.0,76.72,76.72,76.72,76.72,75.0,75.0,75.0,75.0,,,,,82.83,82.83,82.83,82.83
206,13,,,,,,,,,,,,31.58,31.58,31.58,31.58,,,0.0,0.0,59.37,59.37,57.6,57.6,88.67,88.67,88.67,88.67,44.0,44.0,44,44,84.0,84.0,84.0,84.0,81.3,81.3,81.3,81.3,100.0,100.0,100.0,100.0,87.95,87.95,87.95,87.95,75.0,75.0,75.0,75.0,,,,,74.03,74.03,74.03,74.03
207,14,,,,,,,,,,,,31.58,31.58,31.58,31.58,,,0.0,0.0,62.49,62.49,60.62,60.62,86.67,86.67,86.67,86.67,38.0,38.0,38,38,38.0,38.0,38.0,38.0,83.25,83.25,83.25,83.25,0.0,0.0,0.0,0.0,57.8,57.8,57.8,57.8,150.0,150.0,150.0,150.0,,,,,72.1,72.1,72.1,72.1
208,15,,,,,,,,,,,,52.63,52.63,52.63,52.63,,,0.0,0.0,35.21,35.21,34.16,34.16,57.33,57.33,57.33,57.33,66.0,66.0,66,66,16.0,16.0,16.0,16.0,76.6,76.6,76.6,76.6,150.0,150.0,150.0,150.0,50.37,50.37,50.37,50.37,87.5,87.5,87.5,87.5,,,,,53.66,53.66,53.66,53.66
209,16,,,,,,,,,,,,47.37,47.37,47.37,47.37,,,0.0,0.0,49.38,49.38,47.91,47.91,45.33,45.33,45.33,45.33,66.0,66.0,66,66,48.68,48.68,48.68,48.68,80.63,80.63,80.63,80.63,150.0,150.0,150.0,150.0,81.67,81.67,81.67,81.67,100.0,100.0,100.0,100.0,,,,,65.89,65.89,65.89,65.89
210,17,,,,,,,,,,,,42.11,42.11,42.11,42.11,,,0.0,0.0,43.46,43.46,42.16,42.16,78.0,78.0,78.0,78.0,72.0,72.0,72,72,16.0,16.0,16.0,16.0,45.0,45.0,45.0,45.0,150.0,150.0,150.0,150.0,13.67,13.67,13.67,13.67,87.5,87.5,87.5,87.5,,,,,54.54,54.54,54.54,54.54
211,18,,,,,,,,,,,,35.96,35.96,35.96,35.96,,,0.0,0.0,71.5,71.5,69.37,69.37,75.32,75.32,75.32,75.32,92.0,92.0,92,92,96.0,96.0,96.0,96.0,98.93,98.93,98.93,98.93,150.0,150.0,150.0,150.0,90.12,90.12,90.12,90.12,75.0,75.0,75.0,75.0,,,,,89.14,89.14,89.14,89.14
212,19,,,,,,,,,,,,26.32,26.32,26.32,26.32,,,0.0,0.0,65.2,65.2,63.25,63.25,44.67,44.67,44.67,44.67,96.0,96.0,96,96,78.68,78.68,78.68,78.68,93.4,93.4,93.4,93.4,100.0,100.0,100.0,100.0,87.38,87.38,87.38,87.38,100.0,100.0,100.0,100.0,,,,,81.21,81.21,81.21,81.21
213,20,,,,,,,,,,,,36.84,36.84,36.84,36.84,,,0.0,0.0,51.55,51.55,50.01,50.01,63.33,63.33,63.33,63.33,44.0,44.0,44,44,51.32,51.32,51.32,51.32,93.95,93.95,93.95,93.95,200.0,200.0,200.0,200.0,44.45,44.45,44.45,44.45,87.5,87.5,87.5,87.5,,,,,65.27,65.27,65.27,65.27
214,21,,,,,,,,,,,,36.84,36.84,36.84,36.84,,,0.0,0.0,53.25,53.25,51.66,51.66,78.68,78.68,78.68,78.68,74.0,74.0,74,74,70.68,70.68,70.68,70.68,93.25,93.25,93.25,93.25,100.0,100.0,100.0,100.0,84.67,84.67,84.67,84.67,150.0,150.0,150.0,150.0,,,,,72.24,72.24,72.24,72.24
215,22,,,,,,,,,,,,19.3,19.3,19.3,19.3,,,0.0,0.0,68.0,68.0,65.97,65.97,56.67,56.67,56.67,56.67,76.0,76.0,76,76,86.68,86.68,86.68,86.68,98.78,98.78,98.78,98.78,150.0,150.0,150.0,150.0,78.1,78.1,78.1,78.1,150.0,150.0,150.0,150.0,,,,,81.66,81.66,81.66,81.66
216,23,,,,,,,,,,,,63.16,63.16,63.16,63.16,,,0.0,0.0,77.74,77.74,75.42,75.42,82.0,82.0,82.0,82.0,84.0,84.0,84,84,72.68,72.68,72.68,72.68,94.35,94.35,94.35,94.35,150.0,150.0,150.0,150.0,93.18,93.18,93.18,93.18,150.0,150.0,150.0,150.0,,,,,91.51,91.51,91.51,91.51
217,24,,,,,,,,,,,,73.68,73.68,73.68,73.68,100.0,100.0,100.0,100.0,93.25,93.25,90.47,90.47,98.0,98.0,98.0,98.0,100.0,100.0,100,100,116.0,116.0,116.0,116.0,98.0,98.0,98.0,98.0,200.0,200.0,200.0,200.0,97.0,97.0,97.0,97.0,175.0,175.0,175.0,175.0,,,,,106.53,106.53,106.53,106.53
218,25,,,,,,,,,,,,24.56,24.56,24.56,24.56,,,0.0,0.0,58.25,58.25,56.51,56.51,100.0,100.0,100.0,100.0,68.0,68.0,68,68,76.0,76.0,76.0,76.0,74.5,74.5,74.5,74.5,83.5,83.5,83.5,83.5,77.15,77.15,77.15,77.15,87.5,87.5,87.5,87.5,,,,,72.39,72.39,72.39,72.39
219,26,,,,,,,,,,,,36.84,36.84,36.84,36.84,,,0.0,0.0,35.92,35.92,34.85,34.85,81.33,81.33,81.33,81.33,56.0,56.0,56,56,58.0,58.0,58.0,58.0,74.7,74.7,74.7,74.7,0.0,0.0,0.0,0.0,61.77,61.77,61.77,61.77,0.0,0.0,0.0,0.0,,,,,52.32,52.32,52.32,52.32
220,27,,,,,,,,,,,,26.32,26.32,26.32,26.32,,,0.0,0.0,71.81,71.81,69.67,69.67,96.0,96.0,96.0,96.0,62.0,62.0,62,62,92.0,92.0,92.0,92.0,95.78,95.78,95.78,95.78,150.0,150.0,150.0,150.0,78.93,78.93,78.93,78.93,150.0,150.0,150.0,150.0,,,,,85.6,85.6,85.6,85.6
221,28,,,,,,,,,,,,31.58,31.58,31.58,31.58,,,0.0,0.0,57.99,57.99,56.26,56.26,74.67,74.67,74.67,74.67,64.0,64.0,64,64,74.68,74.68,74.68,74.68,82.6,82.6,82.6,82.6,100.0,100.0,100.0,100.0,65.03,65.03,65.03,65.03,100.0,100.0,100.0,100.0,,,,,71.42,71.42,71.42,71.42
222,29,,,,,,,,,,,,29.82,29.82,29.82,29.82,,,0.0,0.0,25.12,25.12,24.37,24.37,38.0,38.0,38.0,38.0,44.0,44.0,44,44,22.0,22.0,22.0,22.0,47.38,47.38,47.38,47.38,100.0,100.0,100.0,100.0,0.0,0.0,0.0,0.0,0.0,0.0,0.0,0.0,,,,,35.97,35.97,35.97,35.97
223,30,,,,,,,,,,,,32.46,32.46,32.46,32.46,,,0.0,0.0,46.16,46.16,44.79,44.79,63.33,63.33,63.33,63.33,32.0,32.0,32,32,58.0,58.0,58.0,58.0,83.2,83.2,83.2,83.2,100.0,100.0,100.0,100.0,80.05,80.05,80.05,80.05,150.0,150.0,150.0,150.0,,,,,62.49,62.49,62.49,62.49
224,31,,,,,,,,,,,,21.05,21.05,21.05,21.05,,,0.0,0.0,44.78,44.78,43.44,43.44,47.33,47.33,47.33,47.33,38.0,38.0,38,38,60.68,60.68,60.68,60.68,77.08,77.08,77.08,77.08,100.0,100.0,100.0,100.0,74.17,74.17,74.17,74.17,150.0,150.0,150.0,150.0,,,,,60.06,60.06,60.06,60.06
225,32,,,,,,,,,,,,31.58,31.58,31.58,31.58,,,0.0,0.0,69.94,69.94,67.86,67.86,86.67,86.67,86.67,86.67,86.0,86.0,86,86,61.32,61.32,61.32,61.32,97.4,97.4,97.4,97.4,125.0,125.0,125.0,125.0,90.58,90.58,90.58,90.58,150.0,150.0,150.0,150.0,,,,,87.74,87.74,87.74,87.74
226,33,,,,,,,,,,,,61.84,61.84,61.84,61.84,,,0.0,0.0,52.12,52.12,50.57,50.57,78.0,78.0,78.0,78.0,60.0,60.0,60,60,68.68,68.68,68.68,68.68,74.3,74.3,74.3,74.3,100.0,100.0,100.0,100.0,45.55,45.55,45.55,45.55,200.0,200.0,200.0,200.0,,,,,66.5,66.5,66.5,66.5
227,34,,,,,,,,,,,,78.95,78.95,78.95,78.95,,,0.0,0.0,79.68,79.68,77.3,77.3,61.32,61.32,61.32,61.32,94.0,94.0,94,94,116.0,116.0,116.0,116.0,99.85,99.85,99.85,99.85,133.5,133.5,133.5,133.5,91.2,91.2,91.2,91.2,150.0,150.0,150.0,150.0,,,,,95.8,95.8,95.8,95.8
228,35,,,,,,,,,,,,60.53,60.53,60.53,60.53,,,0.0,0.0,54.78,54.78,53.14,53.14,70.0,70.0,70.0,70.0,48.0,48.0,48,48,88.0,88.0,88.0,88.0,85.58,85.58,85.58,85.58,150.0,150.0,150.0,150.0,86.5,86.5,86.5,86.5,100.0,100.0,100.0,100.0,,,,,72.6,72.6,72.6,72.6
229,36,,,,,,,,,,,,31.58,31.58,31.58,31.58,0.0,0.0,0.0,0.0,58.39,58.39,56.65,56.65,70.68,70.68,70.68,70.68,96.0,96.0,96,96,90.68,90.68,90.68,90.68,95.1,95.1,95.1,95.1,100.0,100.0,100.0,100.0,85.13,85.13,85.13,85.13,150.0,150.0,150.0,150.0,,,,,78.48,78.48,78.48,78.48
230,37,,,,,,,,,,,,47.37,47.37,47.37,47.37,,,0.0,0.0,42.96,42.96,41.68,41.68,40.0,40.0,40.0,40.0,42.0,42.0,42,42,31.32,31.32,31.32,31.32,62.53,62.53,62.53,62.53,25.0,25.0,25.0,25.0,75.33,75.33,75.33,75.33,100.0,100.0,100.0,100.0,,,,,56.98,56.98,56.98,56.98
231,38,,,,,,,,,,,,47.37,47.37,47.37,47.37,,,0.0,0.0,78.2,78.2,75.86,75.86,98.0,98.0,98.0,98.0,82.0,82.0,82,82,100.0,100.0,100.0,100.0,93.55,93.55,93.55,93.55,100.0,100.0,100.0,100.0,73.67,73.67,73.67,73.67,200.0,200.0,200.0,200.0,,,,,93.04,93.04,93.04,93.04
232,39,,,,,,,,,,,,51.05,51.05,51.05,51.05,,,0.0,0.0,56.27,56.27,54.59,54.59,85.32,85.32,85.32,85.32,48.0,48.0,48,48,78.0,78.0,78.0,78.0,90.4,90.4,90.4,90.4,100.0,100.0,100.0,100.0,75.63,75.63,75.63,75.63,56.5,56.5,56.5,56.5,,,,,71.64,71.64,71.64,71.64
233,40,,,,,,,,,,,,36.84,36.84,36.84,36.84,,,0.0,0.0,62.15,62.15,60.3,60.3,72.67,72.67,72.67,72.67,42.0,42.0,42,42,82.68,82.68,82.68,82.68,90.7,90.7,90.7,90.7,83.5,83.5,83.5,83.5,60.27,60.27,60.27,60.27,87.5,87.5,87.5,87.5,,,,,73.2,73.2,73.2,73.2
234,41,,,,,,,,,,,,36.84,36.84,36.84,36.84,,,0.0,0.0,43.4,43.4,42.1,42.1,50.0,50.0,50.0,50.0,56.0,56.0,56,56,32.0,32.0,32.0,32.0,83.5,83.5,83.5,83.5,25.0,25.0,25.0,25.0,83.45,83.45,83.45,83.45,150.0,150.0,150.0,150.0,,,,,64.06,64.06,64.06,64.06
235,42,,,,,,,,,,,,60.53,60.53,60.53,60.53,,,0.0,0.0,63.0,63.0,63.0,63.0,88.67,88.67,88.67,88.67,62.0,62.0,62,62,96.68,96.68,96.68,96.68,97.55,97.55,97.55,97.55,100.0,100.0,100.0,100.0,80.8,80.8,80.8,80.8,56.5,56.5,56.5,56.5,,,,,80.55,80.55,80.55,80.55
236,43,,,,,,,,,,,,63.16,63.16,63.16,63.16,,,0.0,0.0,70.99,70.99,68.87,68.87,76.0,76.0,76.0,76.0,86.0,86.0,86,86,90.0,90.0,90.0,90.0,95.55,95.55,95.55,95.55,150.0,150.0,150.0,150.0,90.98,90.98,90.98,90.98,150.0,150.0,150.0,150.0,,,,,86.53,86.53,86.53,86.53
237,44,,,,,,,,,,,,77.89,77.89,77.89,77.89,0.0,0.0,0.0,0.0,65.34,65.34,63.39,63.39,98.68,98.68,98.68,98.68,99.0,99.0,99,99,16.0,16.0,16.0,16.0,99.7,99.7,99.7,99.7,150.0,150.0,150.0,150.0,76.0,76.0,76.0,76.0,0.0,0.0,0.0,0.0,,,,,85.98,85.98,85.98,85.98
238,45,,,,,,,,,,,,61.4,61.4,61.4,61.4,,,0.0,0.0,77.61,77.61,75.29,75.29,77.33,77.33,77.33,77.33,86.0,86.0,86,86,104.0,104.0,104.0,104.0,94.3,94.3,94.3,94.3,100.0,100.0,100.0,100.0,87.0,87.0,87.0,87.0,150.0,150.0,150.0,150.0,,,,,90.49,90.49,90.49,90.49
239,46,,,,,,,,,,,,80.35,80.35,80.35,80.35,,,0.0,0.0,78.78,78.78,76.43,76.43,98.0,98.0,98.0,98.0,96.0,96.0,96,96,110.0,110.0,110.0,110.0,97.85,97.85,97.85,97.85,83.5,83.5,83.5,83.5,98.0,98.0,98.0,98.0,75.0,75.0,75.0,75.0,,,,,96.83,96.83,96.83,96.83
240,47,,,,,,,,,,,,40.35,40.35,40.35,40.35,,,0.0,0.0,56.93,56.93,56.93,56.93,64.64,64.64,64.64,64.64,70.0,70.0,70,70,96.0,96.0,96.0,96.0,87.55,87.55,87.55,87.55,100.0,100.0,100.0,100.0,77.67,77.67,77.67,77.67,125.0,125.0,125.0,125.0,,,,,74.29,74.29,74.29,74.29
241,48,,,,,,,,,,,,36.84,36.84,36.84,36.84,,,0.0,0.0,55.68,55.68,54.02,54.02,74.67,74.67,74.67,74.67,42.0,42.0,42,42,82.0,82.0,82.0,82.0,75.7,75.7,75.7,75.7,150.0,150.0,150.0,150.0,74.08,74.08,74.08,74.08,87.5,87.5,87.5,87.5,,,,,69.23,69.23,69.23,69.23
242,49,,,,,,,,,,,,31.58,31.58,31.58,31.58,,,0.0,0.0,58.27,58.27,56.53,56.53,82.67,82.67,82.67,82.67,76.0,76.0,76,76,110.0,110.0,110.0,110.0,93.6,93.6,93.6,93.6,150.0,150.0,150.0,150.0,71.7,71.7,71.7,71.7,200.0,200.0,200.0,200.0,,,,,75.83,75.83,75.83,75.83
243,50,,,,,,,,,,,,31.58,31.58,31.58,31.58,,,0.0,0.0,72.53,72.53,70.37,70.37,0.0,0.0,0.0,0.0,94.0,94.0,94,94,106.68,106.68,106.68,106.68,93.7,93.7,93.7,93.7,100.0,100.0,100.0,100.0,94.0,94.0,94.0,94.0,150.0,150.0,150.0,150.0,,,,,83.51,83.51,83.51,83.51
244,51,,,,,,,,,,,,36.84,36.84,36.84,36.84,100.0,100.0,100.0,100.0,80.48,80.48,78.08,78.08,64.68,64.68,64.68,64.68,72.0,72.0,72,72,108.0,108.0,108.0,108.0,57.7,57.7,57.7,57.7,0.0,0.0,0.0,0.0,13.0,13.0,13.0,13.0,75.0,75.0,75.0,75.0,,,,,79.09,79.09,79.09,79.09
245,52,,,,,,,,,,,,31.58,31.58,31.58,31.58,,,0.0,0.0,49.05,49.05,47.58,47.58,94.0,94.0,94.0,94.0,54.0,54.0,54,54,88.0,88.0,88.0,88.0,93.25,93.25,93.25,93.25,200.0,200.0,200.0,200.0,81.52,81.52,81.52,81.52,150.0,150.0,150.0,150.0,,,,,71.1,71.1,71.1,71.1
246,53,,,,,,,,,,,,60.53,60.53,60.53,60.53,,,0.0,0.0,57.8,57.8,56.07,56.07,62.0,62.0,62.0,62.0,70.0,70.0,70,70,58.68,58.68,58.68,58.68,86.22,86.22,86.22,86.22,83.5,83.5,83.5,83.5,80.25,80.25,80.25,80.25,50.0,50.0,50.0,50.0,,,,,72.46,72.46,72.46,72.46
247,54,,,,,,,,,,,,26.32,26.32,26.32,26.32,,,0.0,0.0,62.6,62.6,62.6,62.6,88.67,88.67,88.67,88.67,76.0,76.0,76,76,90.0,90.0,90.0,90.0,87.7,87.7,87.7,87.7,100.0,100.0,100.0,100.0,92.0,92.0,92.0,92.0,125.0,125.0,125.0,125.0,,,,,80.4,80.4,80.4,80.4
248,55,,,,,,,,,,,,42.11,42.11,42.11,42.11,,,0.0,0.0,46.79,46.79,45.39,45.39,18.0,18.0,18.0,18.0,60.0,60.0,60,60,70.68,70.68,70.68,70.68,89.75,89.75,89.75,89.75,150.0,150.0,150.0,150.0,83.43,83.43,83.43,83.43,100.0,100.0,100.0,100.0,,,,,64.04,64.04,64.04,64.04
249,56,,,,,,,,,,,,57.89,57.89,57.89,57.89,,,0.0,0.0,60.95,60.95,59.14,59.14,79.33,79.33,79.33,79.33,66.0,66.0,66,66,60.68,60.68,60.68,60.68,59.0,59.0,59.0,59.0,150.0,150.0,150.0,150.0,80.8,80.8,80.8,80.8,150.0,150.0,150.0,150.0,,,,,74.64,74.64,74.64,74.64
250,57,,,,,,,,,,,,44.44,44.44,42.11,42.11,,,0.0,0.0,42.42,42.42,41.16,41.16,88.67,88.67,88.67,88.67,36.0,36.0,36,36,25.32,25.32,25.32,25.32,66.8,66.8,66.8,66.8,150.0,150.0,150.0,150.0,72.93,72.93,72.93,72.93,100.0,100.0,100.0,100.0,,,,,61.37,61.37,61.37,61.37
251,58,,,,,,,,,,,,70.88,70.88,70.88,70.88,,,0.0,0.0,77.41,77.41,77.41,77.41,85.96,85.96,85.96,85.96,79.0,79.0,79,79,108.0,108.0,108.0,108.0,66.05,66.05,66.05,66.05,150.0,150.0,150.0,150.0,92.35,92.35,92.35,92.35,106.5,106.5,106.5,106.5,,,,,90.9,90.9,90.9,90.9
252,59,,,,,,,,,,,,36.84,36.84,36.84,36.84,,,0.0,0.0,61.48,61.48,59.64,59.64,86.67,86.67,86.67,86.67,56.0,56.0,56,56,54.68,54.68,54.68,54.68,91.45,91.45,91.45,91.45,200.0,200.0,200.0,200.0,83.23,83.23,83.23,83.23,150.0,150.0,150.0,150.0,,,,,77.34,77.34,77.34,77.34
253,60,,,,,,,,,,,,31.58,31.58,31.58,31.58,0.0,0.0,0.0,0.0,43.73,43.73,42.43,42.43,6.0,6.0,6.0,6.0,67.0,67.0,67,67,82.0,82.0,82.0,82.0,58.55,58.55,58.55,58.55,150.0,150.0,150.0,150.0,76.52,76.52,76.52,76.52,150.0,150.0,150.0,150.0,,,,,57.17,57.17,57.17,57.17
254,61,,,,,,,,,,,,56.14,56.14,56.14,56.14,0.0,0.0,0.0,0.0,53.22,53.22,53.22,53.22,69.32,69.32,69.32,69.32,100.0,100.0,100,100,104.68,104.68,104.68,104.68,73.25,73.25,73.25,73.25,100.0,100.0,100.0,100.0,82.8,82.8,82.8,82.8,37.5,37.5,37.5,37.5,,,,,72.02,72.02,72.02,72.02
255,62,,,,,,,,,,,,57.89,57.89,57.89,57.89,0.0,0.0,0.0,0.0,61.42,61.42,59.59,59.59,59.32,59.32,59.32,59.32,72.0,72.0,72,72,76.0,76.0,76.0,76.0,91.25,91.25,91.25,91.25,150.0,150.0,150.0,150.0,84.6,84.6,84.6,84.6,200.0,200.0,200.0,200.0,,,,,78.25,78.25,78.25,78.25
256,63,,,,,,,,,,,,68.42,68.42,68.42,68.42,,,0.0,0.0,77.21,77.21,74.9,74.9,98.0,98.0,98.0,98.0,77.0,77.0,77,77,110.0,110.0,110.0,110.0,95.85,95.85,95.85,95.85,150.0,150.0,150.0,150.0,96.2,96.2,96.2,96.2,150.0,150.0,150.0,150.0,,,,,94.84,94.84,94.84,94.84
257,64,,,,,,,,,,,,42.11,42.11,42.11,42.11,,,0.0,0.0,66.36,66.36,64.38,64.38,98.0,98.0,98.0,98.0,100.0,100.0,100,100,16.0,16.0,16.0,16.0,90.85,90.85,90.85,90.85,0.0,0.0,0.0,0.0,51.75,51.75,51.75,51.75,0.0,0.0,0.0,0.0,,,,,78.26,78.26,78.26,78.26
258,65,,,,,,,,,,,,52.63,52.63,52.63,52.63,,,0.0,0.0,87.23,87.23,84.63,84.63,100.0,100.0,100.0,100.0,100.0,100.0,100,100,98.0,98.0,98.0,98.0,99.85,99.85,99.85,99.85,83.5,83.5,83.5,83.5,94.33,94.33,94.33,94.33,87.5,87.5,87.5,87.5,,,,,99.65,99.65,99.65,99.65
259,66,,,,,,,,,,,,52.63,52.63,52.63,52.63,,,0.0,0.0,74.89,74.89,72.66,72.66,98.0,98.0,98.0,98.0,82.0,82.0,82,82,104.0,104.0,104.0,104.0,96.4,96.4,96.4,96.4,50.0,50.0,50.0,50.0,94.1,94.1,94.1,94.1,150.0,150.0,150.0,150.0,,,,,92.77,92.77,92.77,92.77
260,67,,,,,,,,,,,,40.35,40.35,40.35,40.35,,,0.0,0.0,70.86,70.86,68.75,68.75,74.0,74.0,74.0,74.0,86.0,86.0,86,86,82.68,82.68,82.68,82.68,98.7,98.7,98.7,98.7,100.0,100.0,100.0,100.0,83.2,83.2,83.2,83.2,75.0,75.0,75.0,75.0,,,,,85.27,85.27,85.27,85.27
261,68,,,,,,,,,,,,38.6,38.6,38.6,38.6,,,0.0,0.0,70.7,70.7,68.59,68.59,98.0,98.0,98.0,98.0,50.0,50.0,50,50,98.0,98.0,98.0,98.0,88.08,88.08,88.08,88.08,150.0,150.0,150.0,150.0,77.65,77.65,77.65,77.65,150.0,150.0,150.0,150.0,,,,,85.25,85.25,85.25,85.25
262,69,,,,,,,,,,,,31.58,31.58,31.58,31.58,100.0,100.0,100.0,100.0,59.04,59.04,57.27,57.27,82.67,82.67,82.67,82.67,100.0,100.0,100,100,62.0,62.0,62.0,62.0,98.78,98.78,98.78,98.78,83.5,83.5,83.5,83.5,91.55,91.55,91.55,91.55,150.0,150.0,150.0,150.0,,,,,77.97,77.97,77.97,77.97
263,70,,,,,,,,,,,,31.58,31.58,31.58,31.58,,,0.0,0.0,68.61,68.61,66.56,66.56,59.32,59.32,59.32,59.32,78.0,78.0,78,78,116.0,116.0,116.0,116.0,87.65,87.65,87.65,87.65,150.0,150.0,150.0,150.0,73.25,73.25,73.25,73.25,150.0,150.0,150.0,150.0,,,,,82.67,82.67,82.67,82.67
264,71,,,,,,,,,,,,34.65,34.65,34.65,34.65,,,0.0,0.0,64.8,64.8,62.87,62.87,58.0,58.0,58.0,58.0,56.0,56.0,56,56,100.0,100.0,100.0,100.0,88.13,88.13,88.13,88.13,66.5,66.5,66.5,66.5,79.87,79.87,79.87,79.87,75.0,75.0,75.0,75.0,,,,,76.82,76.82,76.82,76.82
265,72,,,,,,,,,,,,56.14,56.14,56.14,56.14,,,0.0,0.0,66.3,66.3,64.32,64.32,68.0,68.0,68.0,68.0,80.0,80.0,80,80,98.68,98.68,98.68,98.68,99.85,99.85,99.85,99.85,150.0,150.0,150.0,150.0,95.4,95.4,95.4,95.4,150.0,150.0,150.0,150.0,,,,,85.93,85.93,85.93,85.93
266,"Student, Test",4390034.0,,ab36dbd2479ccd835058abb8568b1e078c54a48d,,,,,,,,,0.0,0.0,0.0,0.0,,,0.0,0.0,0.0,0.0,0.0,0.0,0.0,0.0,0.0,0.0,0.0,0.0,0,0,16.0,16.0,16.0,16.0,,,0.0,0.0,,,0.0,0.0,,,0.0,0.0,,,0.0,0.0,,,,,11.0,11.0,8.8,8.8
